start_time_hour,sunset_time_hour,rat_period_start_hour,rat_period_end_hour,rat_activity_minutes,time_after_sunset_minutes,start_month,start_dayofweek,start_day_index,habit_category_neutral_response,habit_category_uncertain
18.616666666666667,16.75,18.583333333333332,18.633333333333333,3.0,112.0,12,5,4,0,0
19.85,16.75,19.833333333333332,19.916666666666668,5.0,186.0,12,5,4,1,0
19.85,16.75,19.833333333333332,19.916666666666668,5.0,186.0,12,5,4,1,0
19.866666666666667,16.75,19.833333333333332,19.916666666666668,5.0,187.0,12,5,4,0,0
19.9,16.75,19.833333333333332,19.916666666666668,5.0,189.0,12,5,4,0,0
19.9,16.75,19.833333333333332,19.916666666666668,5.0,189.0,12,5,4,0,0
19.9,16.75,19.833333333333332,19.916666666666668,5.0,189.0,12,5,4,0,0
21.4,16.716666666666665,21.366666666666667,21.45,5.0,281.0,12,1,0,0,0
21.4,16.716666666666665,21.366666666666667,21.45,5.0,281.0,12,1,0,1,0
21.4,16.716666666666665,21.366666666666667,21.45,5.0,281.0,12,1,0,1,0
21.4,16.716666666666665,21.366666666666667,21.45,5.0,281.0,12,1,0,1,0
21.416666666666668,16.716666666666665,21.366666666666667,21.45,5.0,282.0,12,1,0,1,0
21.433333333333334,16.716666666666665,21.366666666666667,21.45,5.0,283.0,12,1,0,0,0
21.433333333333334,16.716666666666665,21.366666666666667,21.45,5.0,283.0,12,1,0,1,0
1.5833333333333335,16.716666666666665,1.5666666666666667,1.6833333333333333,7.0,-908.0,12,2,1,0,0
19.6,16.733333333333334,19.583333333333332,19.766666666666666,11.0,172.0,12,3,2,1,0
19.6,16.733333333333334,19.583333333333332,19.766666666666666,11.0,172.0,12,3,2,0,0
19.616666666666667,16.733333333333334,19.583333333333332,19.766666666666666,11.0,173.0,12,3,2,0,0
19.733333333333334,16.733333333333334,19.583333333333332,19.766666666666666,11.0,180.0,12,3,2,0,0
19.75,16.733333333333334,19.583333333333332,19.766666666666666,11.0,181.0,12,3,2,1,0
19.766666666666666,16.733333333333334,19.583333333333332,19.766666666666666,11.0,182.0,12,3,2,0,0
3.966666666666667,16.716666666666665,3.9333333333333336,4.216666666666667,17.0,-765.0,12,3,2,1,0
4.033333333333333,16.716666666666665,3.9333333333333336,4.216666666666667,17.0,-761.0,12,3,2,1,0
23.733333333333334,17.15,23.733333333333334,23.833333333333332,6.0,395.0,1,5,32,1,0
23.733333333333334,17.15,23.733333333333334,23.833333333333332,6.0,395.0,1,5,32,1,0
23.75,17.15,23.733333333333334,23.833333333333332,6.0,396.0,1,5,32,0,0
23.75,17.15,23.733333333333334,23.833333333333332,6.0,396.0,1,5,32,1,0
23.75,17.15,23.733333333333334,23.833333333333332,6.0,396.0,1,5,32,0,0
23.783333333333335,17.15,23.733333333333334,23.833333333333332,6.0,398.0,1,5,32,1,0
23.8,17.15,23.733333333333334,23.833333333333332,6.0,399.0,1,5,32,1,0
23.8,17.15,23.733333333333334,23.833333333333332,6.0,399.0,1,5,32,1,0
23.8,17.15,23.733333333333334,23.833333333333332,6.0,399.0,1,5,32,1,0
23.833333333333332,17.15,23.733333333333334,23.833333333333332,6.0,401.0,1,5,32,1,0
4.333333333333333,17.15,4.133333333333334,4.333333333333333,12.0,-769.0,1,6,33,1,0
1.8666666666666667,16.766666666666666,1.8333333333333335,1.9166666666666665,5.0,-894.0,1,0,6,1,0
19.733333333333334,17.216666666666665,19.683333333333334,19.75,4.0,151.0,1,2,36,0,0
22.383333333333333,17.216666666666665,22.333333333333332,22.4,4.0,310.0,1,2,36,1,0
4.2,16.883333333333333,4.116666666666666,4.25,8.0,-761.0,1,2,15,0,0
19.933333333333334,17.166666666666668,19.933333333333334,20.166666666666668,14.0,166.0,1,6,33,1,0
20.05,17.166666666666668,19.933333333333334,20.166666666666668,14.0,173.0,1,6,33,0,0
20.066666666666666,17.166666666666668,19.933333333333334,20.166666666666668,14.0,174.0,1,6,33,0,0
20.083333333333332,17.166666666666668,19.933333333333334,20.166666666666668,14.0,175.0,1,6,33,0,0
20.083333333333332,17.166666666666668,19.933333333333334,20.166666666666668,14.0,175.0,1,6,33,0,0
20.083333333333332,17.166666666666668,19.933333333333334,20.166666666666668,14.0,175.0,1,6,33,1,0
20.083333333333332,17.166666666666668,19.933333333333334,20.166666666666668,14.0,175.0,1,6,33,1,0
20.083333333333332,17.166666666666668,19.933333333333334,20.166666666666668,14.0,175.0,1,6,33,0,0
20.083333333333332,17.166666666666668,19.933333333333334,20.166666666666668,14.0,175.0,1,6,33,1,0
20.1,17.166666666666668,19.933333333333334,20.166666666666668,14.0,176.0,1,6,33,1,0
20.1,17.166666666666668,19.933333333333334,20.166666666666668,14.0,176.0,1,6,33,1,0
20.1,17.166666666666668,19.933333333333334,20.166666666666668,14.0,176.0,1,6,33,1,0
20.133333333333333,17.166666666666668,19.933333333333334,20.166666666666668,14.0,178.0,1,6,33,1,0
20.15,17.166666666666668,19.933333333333334,20.166666666666668,14.0,179.0,1,6,33,0,0
1.5333333333333332,17.166666666666668,1.4833333333333334,1.55,4.0,-938.0,1,0,34,1,0
19.966666666666665,17.166666666666668,19.933333333333334,20.166666666666668,14.0,168.0,1,6,33,0,0
1.8166666666666667,17.5,1.7833333333333332,1.8333333333333335,3.0,-941.0,2,1,56,0,0
3.1666666666666665,17.5,3.1666666666666665,3.183333333333333,1.0,-860.0,2,1,56,0,0
2.2,17.5,2.1666666666666665,2.216666666666667,3.0,-918.0,2,1,56,1,0
0.7166666666666667,17.35,0.7166666666666667,0.75,2.0,-998.0,2,5,46,0,0
0.7333333333333333,17.35,0.7166666666666667,0.75,2.0,-997.0,2,5,46,1,0
0.8166666666666667,17.35,0.8166666666666667,0.85,2.0,-992.0,2,5,46,1,0
0.8166666666666667,17.35,0.8166666666666667,0.85,2.0,-992.0,2,5,46,0,0
0.8333333333333334,17.35,0.8166666666666667,0.85,2.0,-991.0,2,5,46,1,0
0.8333333333333334,17.35,0.8166666666666667,0.85,2.0,-991.0,2,5,46,0,0
0.8333333333333334,17.35,0.8166666666666667,0.85,2.0,-991.0,2,5,46,0,0
0.85,17.35,0.8166666666666667,0.85,2.0,-990.0,2,5,46,0,0
0.7333333333333333,17.35,0.7166666666666667,0.75,2.0,-997.0,2,5,46,1,0
0.7333333333333333,17.35,0.7166666666666667,0.75,2.0,-997.0,2,5,46,1,0
0.7333333333333333,17.35,0.7166666666666667,0.75,2.0,-997.0,2,5,46,1,0
0.7333333333333333,17.35,0.7166666666666667,0.75,2.0,-997.0,2,5,46,1,0
18.533333333333335,17.316666666666666,18.483333333333334,18.733333333333334,15.0,73.0,2,2,43,0,0
22.966666666666665,17.316666666666666,22.883333333333333,22.966666666666665,5.0,339.0,2,2,43,1,0
1.7833333333333332,17.316666666666666,1.7833333333333332,1.8,1.0,-932.0,2,3,44,0,1
1.8666666666666667,17.316666666666666,1.8666666666666667,1.8666666666666667,0.0,-927.0,2,3,44,1,0
2.1,17.316666666666666,2.0833333333333335,2.15,4.0,-913.0,2,3,44,0,0
2.1,17.316666666666666,2.0833333333333335,2.15,4.0,-913.0,2,3,44,0,0
2.1166666666666667,17.316666666666666,2.0833333333333335,2.15,4.0,-912.0,2,3,44,0,0
2.1166666666666667,17.316666666666666,2.0833333333333335,2.15,4.0,-912.0,2,3,44,0,0
2.1333333333333333,17.316666666666666,2.0833333333333335,2.15,4.0,-911.0,2,3,44,0,0
3.6833333333333336,17.316666666666666,3.6833333333333336,3.75,4.0,-818.0,2,3,44,0,0
0.7166666666666667,17.233333333333334,0.6666666666666666,0.7333333333333333,4.0,-991.0,2,4,38,1,0
0.7333333333333333,17.233333333333334,0.6666666666666666,0.7333333333333333,4.0,-990.0,2,4,38,0,0
0.1,17.333333333333332,0.1,0.1,0.0,-1034.0,2,4,45,1,0
0.18333333333333332,17.333333333333332,0.15,0.21666666666666667,4.0,-1029.0,2,4,45,0,0
0.43333333333333335,17.333333333333332,0.43333333333333335,0.5333333333333333,6.0,-1014.0,2,4,45,1,0
0.48333333333333334,17.333333333333332,0.43333333333333335,0.5333333333333333,6.0,-1011.0,2,4,45,0,0
3.5166666666666666,17.333333333333332,3.466666666666667,3.55,5.0,-829.0,2,4,45,0,0
3.533333333333333,17.333333333333332,3.466666666666667,3.55,5.0,-828.0,2,4,45,0,0
3.533333333333333,17.333333333333332,3.466666666666667,3.55,5.0,-828.0,2,4,45,1,0
3.7333333333333334,17.4,3.716666666666667,3.75,2.0,-820.0,2,1,49,0,0
3.8333333333333335,17.4,3.8166666666666664,3.8333333333333335,1.0,-814.0,2,1,49,1,0
22.083333333333332,17.433333333333334,22.066666666666666,22.2,8.0,279.0,2,2,50,0,0
22.133333333333333,17.433333333333334,22.066666666666666,22.2,8.0,282.0,2,2,50,0,0
22.183333333333334,17.433333333333334,22.066666666666666,22.2,8.0,285.0,2,2,50,0,0
22.766666666666666,17.433333333333334,22.716666666666665,22.866666666666667,9.0,320.0,2,2,50,0,0
22.766666666666666,17.433333333333334,22.716666666666665,22.866666666666667,9.0,320.0,2,2,50,0,0
22.833333333333332,17.433333333333334,22.716666666666665,22.866666666666667,9.0,324.0,2,2,50,0,0
22.833333333333332,17.433333333333334,22.716666666666665,22.866666666666667,9.0,324.0,2,2,50,0,0
22.85,17.433333333333334,22.716666666666665,22.866666666666667,9.0,325.0,2,2,50,0,0
22.866666666666667,17.433333333333334,22.716666666666665,22.866666666666667,9.0,326.0,2,2,50,0,0
5.5,17.416666666666668,5.433333333333334,5.566666666666666,8.0,-715.0,2,2,50,0,0
18.35,17.433333333333334,18.333333333333332,18.466666666666665,8.0,55.0,2,3,51,1,0
19.516666666666666,17.433333333333334,19.5,19.516666666666666,1.0,125.0,2,3,51,1,0
19.516666666666666,17.433333333333334,19.5,19.516666666666666,1.0,125.0,2,3,51,0,0
18.866666666666667,17.433333333333334,18.816666666666666,18.916666666666668,6.0,86.0,2,3,51,1,0
18.866666666666667,17.433333333333334,18.816666666666666,18.916666666666668,6.0,86.0,2,3,51,1,0
18.9,17.433333333333334,18.816666666666666,18.916666666666668,6.0,88.0,2,3,51,0,0
18.55,17.283333333333335,18.533333333333335,18.833333333333332,18.0,76.0,2,6,40,0,0
18.5,17.25,18.5,18.5,0.0,75.0,2,4,38,0,0
22.3,17.45,22.3,22.366666666666667,4.0,291.0,2,4,52,0,0
22.35,17.45,22.3,22.366666666666667,4.0,294.0,2,4,52,0,0
22.35,17.45,22.3,22.366666666666667,4.0,294.0,2,4,52,0,0
22.35,17.45,22.3,22.366666666666667,4.0,294.0,2,4,52,1,0
22.366666666666667,17.45,22.3,22.366666666666667,4.0,295.0,2,4,52,0,0
0.55,17.483333333333334,0.5166666666666667,0.5666666666666667,3.0,-1016.0,2,0,55,1,0
1.55,17.483333333333334,1.55,1.55,0.0,-956.0,2,0,55,0,0
21.133333333333333,17.366666666666667,21.066666666666666,21.183333333333334,7.0,226.0,2,5,46,0,0
21.6,17.366666666666667,21.583333333333332,21.6,1.0,254.0,2,5,46,0,0
21.6,17.366666666666667,21.583333333333332,21.6,1.0,254.0,2,5,46,0,0
21.733333333333334,17.366666666666667,21.733333333333334,21.85,7.0,262.0,2,5,46,0,0
21.75,17.366666666666667,21.733333333333334,21.85,7.0,263.0,2,5,46,0,0
21.766666666666666,17.366666666666667,21.733333333333334,21.85,7.0,264.0,2,5,46,0,0
21.766666666666666,17.366666666666667,21.733333333333334,21.85,7.0,264.0,2,5,46,0,0
21.766666666666666,17.366666666666667,21.733333333333334,21.85,7.0,264.0,2,5,46,1,0
21.783333333333335,17.366666666666667,21.733333333333334,21.85,7.0,265.0,2,5,46,0,0
0.5333333333333333,17.366666666666667,0.5166666666666667,0.55,2.0,-1010.0,2,6,47,0,0
1.15,17.366666666666667,1.15,1.1666666666666667,1.0,-973.0,2,6,47,1,0
1.9,17.366666666666667,1.8666666666666667,1.9666666666666668,6.0,-928.0,2,6,47,0,0
1.9166666666666665,17.366666666666667,1.8666666666666667,1.9666666666666668,6.0,-927.0,2,6,47,0,0
1.9333333333333333,17.366666666666667,1.8666666666666667,1.9666666666666668,6.0,-926.0,2,6,47,1,0
1.95,17.366666666666667,1.8666666666666667,1.9666666666666668,6.0,-925.0,2,6,47,1,0
1.95,17.366666666666667,1.8666666666666667,1.9666666666666668,6.0,-925.0,2,6,47,0,0
19.416666666666668,17.366666666666667,19.4,19.416666666666668,1.0,123.0,2,5,46,1,0
20.833333333333332,17.466666666666665,20.816666666666666,20.85,2.0,202.0,2,5,53,0,0
20.833333333333332,17.466666666666665,20.816666666666666,20.85,2.0,202.0,2,5,53,0,0
20.833333333333332,17.466666666666665,20.816666666666666,20.85,2.0,202.0,2,5,53,0,0
17.7,17.466666666666665,17.666666666666668,17.716666666666665,3.0,14.0,2,5,53,1,0
21.616666666666667,17.833333333333332,21.616666666666667,21.666666666666668,3.0,227.0,3,6,82,1,0
21.633333333333333,17.833333333333332,21.616666666666667,21.666666666666668,3.0,228.0,3,6,82,1,0
21.65,17.833333333333332,21.616666666666667,21.666666666666668,3.0,229.0,3,6,82,1,0
21.65,17.833333333333332,21.616666666666667,21.666666666666668,3.0,229.0,3,6,82,1,0
0.7833333333333333,18.95,0.7666666666666667,0.9166666666666666,9.0,-1090.0,3,3,93,1,0
0.8166666666666667,18.95,0.7666666666666667,0.9166666666666666,9.0,-1088.0,3,3,93,0,0
0.8333333333333334,18.95,0.7666666666666667,0.9166666666666666,9.0,-1087.0,3,3,93,1,0
0.8333333333333334,18.95,0.7666666666666667,0.9166666666666666,9.0,-1087.0,3,3,93,1,0
0.8333333333333334,18.95,0.7666666666666667,0.9166666666666666,9.0,-1087.0,3,3,93,0,0
0.85,18.95,0.7666666666666667,0.9166666666666666,9.0,-1086.0,3,3,93,1,0
0.85,18.95,0.7666666666666667,0.9166666666666666,9.0,-1086.0,3,3,93,1,0
0.85,18.95,0.7666666666666667,0.9166666666666666,9.0,-1086.0,3,3,93,0,0
0.85,18.95,0.7666666666666667,0.9166666666666666,9.0,-1086.0,3,3,93,1,0
0.8833333333333333,18.95,0.7666666666666667,0.9166666666666666,9.0,-1084.0,3,3,93,1,0
0.9166666666666666,18.95,0.7666666666666667,0.9166666666666666,9.0,-1082.0,3,3,93,0,0
2.3333333333333335,18.95,2.3166666666666664,2.4166666666666665,6.0,-997.0,3,3,93,1,0
2.35,18.95,2.3166666666666664,2.4166666666666665,6.0,-996.0,3,3,93,1,0
2.3666666666666667,18.95,2.3166666666666664,2.4166666666666665,6.0,-995.0,3,3,93,0,0
2.4166666666666665,18.95,2.3166666666666664,2.4166666666666665,6.0,-992.0,3,3,93,0,0
2.183333333333333,17.85,2.183333333333333,2.183333333333333,0.0,-940.0,3,1,84,0,0
3.283333333333333,17.85,3.25,3.283333333333333,2.0,-874.0,3,1,84,1,0
0.4666666666666667,18.983333333333334,0.3333333333333333,0.4666666666666667,8.0,-1111.0,3,5,95,1,0
1.95,18.983333333333334,1.8,1.9666666666666668,10.0,-1022.0,3,5,95,1,0
1.9666666666666668,18.983333333333334,1.8,1.9666666666666668,10.0,-1021.0,3,5,95,1,0
22.066666666666666,19.016666666666666,21.966666666666665,22.15,11.0,183.0,4,0,97,0,0
22.083333333333332,19.016666666666666,21.966666666666665,22.15,11.0,184.0,4,0,97,0,0
22.083333333333332,19.016666666666666,21.966666666666665,22.15,11.0,184.0,4,0,97,1,0
22.083333333333332,19.016666666666666,21.966666666666665,22.15,11.0,184.0,4,0,97,0,0
22.1,19.016666666666666,21.966666666666665,22.15,11.0,185.0,4,0,97,1,0
22.116666666666667,19.016666666666666,21.966666666666665,22.15,11.0,186.0,4,0,97,1,0
22.15,19.016666666666666,21.966666666666665,22.15,11.0,188.0,4,0,97,0,0
22.15,19.016666666666666,21.966666666666665,22.15,11.0,188.0,4,0,97,0,0
22.15,19.016666666666666,21.966666666666665,22.15,11.0,188.0,4,0,97,1,0
22.15,19.016666666666666,21.966666666666665,22.15,11.0,188.0,4,0,97,0,0
23.2,19.016666666666666,23.166666666666668,23.3,8.0,251.0,4,0,97,1,0
23.266666666666666,19.016666666666666,23.166666666666668,23.3,8.0,255.0,4,0,97,1,0
23.716666666666665,19.016666666666666,23.7,23.8,6.0,282.0,4,0,97,1,0
23.75,19.016666666666666,23.7,23.8,6.0,284.0,4,0,97,1,0
23.75,19.016666666666666,23.7,23.8,6.0,284.0,4,0,97,1,0
23.766666666666666,19.016666666666666,23.7,23.8,6.0,285.0,4,0,97,1,0
23.766666666666666,19.016666666666666,23.7,23.8,6.0,285.0,4,0,97,1,0
23.766666666666666,19.016666666666666,23.7,23.8,6.0,285.0,4,0,97,1,0
23.766666666666666,19.016666666666666,23.7,23.8,6.0,285.0,4,0,97,0,0
23.766666666666666,19.016666666666666,23.7,23.8,6.0,285.0,4,0,97,0,0
23.8,19.016666666666666,23.7,23.8,6.0,287.0,4,0,97,1,0
23.8,19.016666666666666,23.7,23.8,6.0,287.0,4,0,97,1,0
1.0166666666666666,19.016666666666666,1.0,1.35,21.0,-1080.0,4,1,98,1,0
1.0166666666666666,19.016666666666666,1.0,1.35,21.0,-1080.0,4,1,98,1,0
1.0166666666666666,19.016666666666666,1.0,1.35,21.0,-1080.0,4,1,98,1,0
1.0333333333333334,19.016666666666666,1.0,1.35,21.0,-1079.0,4,1,98,1,0
1.0333333333333334,19.016666666666666,1.0,1.35,21.0,-1079.0,4,1,98,0,0
1.0333333333333334,19.016666666666666,1.0,1.35,21.0,-1079.0,4,1,98,0,0
1.0333333333333334,19.016666666666666,1.0,1.35,21.0,-1079.0,4,1,98,1,0
1.05,19.016666666666666,1.0,1.35,21.0,-1078.0,4,1,98,1,0
1.0666666666666667,19.016666666666666,1.0,1.35,21.0,-1077.0,4,1,98,0,0
1.1,19.016666666666666,1.0,1.35,21.0,-1075.0,4,1,98,1,0
1.1166666666666667,19.016666666666666,1.0,1.35,21.0,-1074.0,4,1,98,1,0
1.1666666666666667,19.016666666666666,1.0,1.35,21.0,-1071.0,4,1,98,1,0
1.2,19.016666666666666,1.0,1.35,21.0,-1069.0,4,1,98,1,0
1.2166666666666668,19.016666666666666,1.0,1.35,21.0,-1068.0,4,1,98,0,0
1.2166666666666668,19.016666666666666,1.0,1.35,21.0,-1068.0,4,1,98,0,0
21.366666666666667,19.016666666666666,21.35,21.533333333333335,11.0,141.0,4,1,98,1,0
21.45,19.016666666666666,21.35,21.533333333333335,11.0,146.0,4,1,98,1,0
21.466666666666665,19.016666666666666,21.35,21.533333333333335,11.0,147.0,4,1,98,1,0
23.4,19.016666666666666,23.4,23.666666666666668,16.0,263.0,4,1,98,1,0
23.416666666666668,19.016666666666666,23.4,23.666666666666668,16.0,264.0,4,1,98,0,0
23.416666666666668,19.016666666666666,23.4,23.666666666666668,16.0,264.0,4,1,98,1,0
23.45,19.016666666666666,23.4,23.666666666666668,16.0,266.0,4,1,98,0,0
23.45,19.016666666666666,23.4,23.666666666666668,16.0,266.0,4,1,98,0,0
23.466666666666665,19.016666666666666,23.4,23.666666666666668,16.0,267.0,4,1,98,1,0
23.483333333333334,19.016666666666666,23.4,23.666666666666668,16.0,268.0,4,1,98,1,0
23.516666666666666,19.016666666666666,23.4,23.666666666666668,16.0,270.0,4,1,98,0,0
23.566666666666666,19.016666666666666,23.4,23.666666666666668,16.0,273.0,4,1,98,1,0
23.666666666666668,19.016666666666666,23.4,23.666666666666668,16.0,279.0,4,1,98,0,0
0.8,19.016666666666666,0.8,0.9666666666666667,10.0,-1093.0,4,2,99,0,0
0.8,19.016666666666666,0.8,0.9666666666666667,10.0,-1093.0,4,2,99,1,0
0.8166666666666667,19.016666666666666,0.8,0.9666666666666667,10.0,-1092.0,4,2,99,0,0
0.8166666666666667,19.016666666666666,0.8,0.9666666666666667,10.0,-1092.0,4,2,99,1,0
0.8166666666666667,19.016666666666666,0.8,0.9666666666666667,10.0,-1092.0,4,2,99,1,0
0.85,19.016666666666666,0.8,0.9666666666666667,10.0,-1090.0,4,2,99,1,0
0.9,19.016666666666666,0.8,0.9666666666666667,10.0,-1087.0,4,2,99,0,0
0.9166666666666666,19.016666666666666,0.8,0.9666666666666667,10.0,-1086.0,4,2,99,0,0
0.9666666666666667,19.016666666666666,0.8,0.9666666666666667,10.0,-1083.0,4,2,99,1,0
21.416666666666668,19.283333333333335,21.4,21.433333333333334,2.0,128.0,4,3,121,0,0
21.416666666666668,19.283333333333335,21.4,21.433333333333334,2.0,128.0,4,3,121,0,0
21.416666666666668,19.283333333333335,21.4,21.433333333333334,2.0,128.0,4,3,121,1,0
21.416666666666668,19.283333333333335,21.4,21.433333333333334,2.0,128.0,4,3,121,0,0
21.433333333333334,19.283333333333335,21.4,21.433333333333334,2.0,129.0,4,3,121,1,0
21.433333333333334,19.283333333333335,21.4,21.433333333333334,2.0,129.0,4,3,121,1,0
21.433333333333334,19.283333333333335,21.4,21.433333333333334,2.0,129.0,4,3,121,1,0
22.416666666666668,19.283333333333335,22.416666666666668,22.6,11.0,188.0,4,3,121,1,0
22.433333333333334,19.283333333333335,22.416666666666668,22.6,11.0,189.0,4,3,121,1,0
22.433333333333334,19.283333333333335,22.416666666666668,22.6,11.0,189.0,4,3,121,1,0
22.433333333333334,19.283333333333335,22.416666666666668,22.6,11.0,189.0,4,3,121,1,0
22.433333333333334,19.283333333333335,22.416666666666668,22.6,11.0,189.0,4,3,121,1,0
22.45,19.283333333333335,22.416666666666668,22.6,11.0,190.0,4,3,121,1,0
22.45,19.283333333333335,22.416666666666668,22.6,11.0,190.0,4,3,121,0,0
22.466666666666665,19.283333333333335,22.416666666666668,22.6,11.0,191.0,4,3,121,1,0
22.483333333333334,19.283333333333335,22.416666666666668,22.6,11.0,192.0,4,3,121,1,0
22.5,19.283333333333335,22.416666666666668,22.6,11.0,193.0,4,3,121,1,0
22.5,19.283333333333335,22.416666666666668,22.6,11.0,193.0,4,3,121,1,0
22.5,19.283333333333335,22.416666666666668,22.6,11.0,193.0,4,3,121,1,0
22.516666666666666,19.283333333333335,22.416666666666668,22.6,11.0,194.0,4,3,121,1,0
22.516666666666666,19.283333333333335,22.416666666666668,22.6,11.0,194.0,4,3,121,1,0
22.533333333333335,19.283333333333335,22.416666666666668,22.6,11.0,195.0,4,3,121,1,0
22.583333333333332,19.283333333333335,22.416666666666668,22.6,11.0,198.0,4,3,121,1,0
22.583333333333332,19.283333333333335,22.416666666666668,22.6,11.0,198.0,4,3,121,1,0
22.583333333333332,19.283333333333335,22.416666666666668,22.6,11.0,198.0,4,3,121,0,0
22.6,19.283333333333335,22.416666666666668,22.6,11.0,199.0,4,3,121,1,0
23.083333333333332,19.283333333333335,23.066666666666666,23.15,5.0,228.0,4,3,121,1,0
23.083333333333332,19.283333333333335,23.066666666666666,23.15,5.0,228.0,4,3,121,1,0
23.083333333333332,19.283333333333335,23.066666666666666,23.15,5.0,228.0,4,3,121,1,0
23.1,19.283333333333335,23.066666666666666,23.15,5.0,229.0,4,3,121,1,0
23.1,19.283333333333335,23.066666666666666,23.15,5.0,229.0,4,3,121,1,0
23.1,19.283333333333335,23.066666666666666,23.15,5.0,229.0,4,3,121,1,0
23.15,19.283333333333335,23.066666666666666,23.15,5.0,232.0,4,3,121,1,0
23.15,19.283333333333335,23.066666666666666,23.15,5.0,232.0,4,3,121,1,0
0.4,19.283333333333335,0.4,0.4666666666666667,4.0,-1133.0,4,4,122,0,0
0.4166666666666667,19.283333333333335,0.4,0.4666666666666667,4.0,-1132.0,4,4,122,1,0
0.4166666666666667,19.283333333333335,0.4,0.4666666666666667,4.0,-1132.0,4,4,122,0,0
0.43333333333333335,19.283333333333335,0.4,0.4666666666666667,4.0,-1131.0,4,4,122,1,0
0.45,19.283333333333335,0.4,0.4666666666666667,4.0,-1130.0,4,4,122,1,0
0.45,19.283333333333335,0.4,0.4666666666666667,4.0,-1130.0,4,4,122,1,0
0.45,19.283333333333335,0.4,0.4666666666666667,4.0,-1130.0,4,4,122,1,0
0.45,19.283333333333335,0.4,0.4666666666666667,4.0,-1130.0,4,4,122,1,0
0.4666666666666667,19.283333333333335,0.4,0.4666666666666667,4.0,-1129.0,4,4,122,0,0
0.4666666666666667,19.283333333333335,0.4,0.4666666666666667,4.0,-1129.0,4,4,122,1,0
1.3166666666666667,19.283333333333335,1.3,1.3666666666666667,4.0,-1078.0,4,4,122,1,0
1.3166666666666667,19.283333333333335,1.3,1.3666666666666667,4.0,-1078.0,4,4,122,1,0
1.3333333333333333,19.283333333333335,1.3,1.3666666666666667,4.0,-1077.0,4,4,122,1,0
1.3333333333333333,19.283333333333335,1.3,1.3666666666666667,4.0,-1077.0,4,4,122,1,0
1.3333333333333333,19.283333333333335,1.3,1.3666666666666667,4.0,-1077.0,4,4,122,1,0
1.35,19.283333333333335,1.3,1.3666666666666667,4.0,-1076.0,4,4,122,1,0
2.1666666666666665,19.283333333333335,2.1666666666666665,2.3333333333333335,10.0,-1027.0,4,4,122,0,0
2.183333333333333,19.283333333333335,2.1666666666666665,2.3333333333333335,10.0,-1026.0,4,4,122,1,0
2.216666666666667,19.283333333333335,2.1666666666666665,2.3333333333333335,10.0,-1024.0,4,4,122,1,0
2.2333333333333334,19.283333333333335,2.1666666666666665,2.3333333333333335,10.0,-1023.0,4,4,122,1,0
2.2666666666666666,19.283333333333335,2.1666666666666665,2.3333333333333335,10.0,-1021.0,4,4,122,0,0
2.2666666666666666,19.283333333333335,2.1666666666666665,2.3333333333333335,10.0,-1021.0,4,4,122,0,0
2.283333333333333,19.283333333333335,2.1666666666666665,2.3333333333333335,10.0,-1020.0,4,4,122,0,0
2.3166666666666664,19.283333333333335,2.1666666666666665,2.3333333333333335,10.0,-1018.0,4,4,122,1,0
2.65,19.283333333333335,2.6333333333333333,2.966666666666667,20.0,-998.0,4,4,122,1,0
2.8166666666666664,19.283333333333335,2.6333333333333333,2.966666666666667,20.0,-988.0,4,4,122,1,0
2.85,19.283333333333335,2.6333333333333333,2.966666666666667,20.0,-986.0,4,4,122,1,0
2.8666666666666667,19.283333333333335,2.6333333333333333,2.966666666666667,20.0,-985.0,4,4,122,1,0
2.8666666666666667,19.283333333333335,2.6333333333333333,2.966666666666667,20.0,-985.0,4,4,122,1,0
2.8833333333333333,19.283333333333335,2.6333333333333333,2.966666666666667,20.0,-984.0,4,4,122,1,0
2.8833333333333333,19.283333333333335,2.6333333333333333,2.966666666666667,20.0,-984.0,4,4,122,1,0
3.0166666666666666,19.283333333333335,3.0166666666666666,3.033333333333333,1.0,-976.0,4,4,122,1,0
3.0166666666666666,19.283333333333335,3.0166666666666666,3.033333333333333,1.0,-976.0,4,4,122,1,0
3.3833333333333333,19.283333333333335,3.3666666666666667,3.4166666666666665,3.0,-954.0,4,4,122,0,0
3.3833333333333333,19.283333333333335,3.3666666666666667,3.4166666666666665,3.0,-954.0,4,4,122,1,0
3.3833333333333333,19.283333333333335,3.3666666666666667,3.4166666666666665,3.0,-954.0,4,4,122,0,0
3.4,19.283333333333335,3.3666666666666667,3.4166666666666665,3.0,-953.0,4,4,122,1,0
3.4166666666666665,19.283333333333335,3.3666666666666667,3.4166666666666665,3.0,-952.0,4,4,122,0,0
3.716666666666667,19.283333333333335,3.716666666666667,3.7666666666666666,3.0,-934.0,4,4,122,1,0
3.75,19.283333333333335,3.716666666666667,3.7666666666666666,3.0,-932.0,4,4,122,0,0
3.75,19.283333333333335,3.716666666666667,3.7666666666666666,3.0,-932.0,4,4,122,1,0
3.75,19.283333333333335,3.716666666666667,3.7666666666666666,3.0,-932.0,4,4,122,1,0
4.016666666666667,19.283333333333335,3.9833333333333334,4.016666666666667,2.0,-916.0,4,4,122,1,0
4.2,19.283333333333335,4.183333333333334,4.266666666666667,5.0,-905.0,4,4,122,1,0
4.6,19.283333333333335,4.466666666666667,4.733333333333333,16.0,-881.0,4,4,122,0,0
22.466666666666665,19.283333333333335,22.416666666666668,22.6,11.0,191.0,4,3,121,1,0
23.083333333333332,19.283333333333335,23.066666666666666,23.15,5.0,228.0,4,3,121,1,0
23.083333333333332,19.283333333333335,23.066666666666666,23.15,5.0,228.0,4,3,121,0,0
2.8,19.283333333333335,2.6333333333333333,2.966666666666667,20.0,-989.0,4,4,122,1,0
3.4166666666666665,19.283333333333335,3.3666666666666667,3.4166666666666665,3.0,-952.0,4,4,122,1,0
3.75,19.283333333333335,3.716666666666667,3.7666666666666666,3.0,-932.0,4,4,122,1,0
19.416666666666668,19.2,19.383333333333333,19.55,10.0,13.0,4,3,114,1,0
19.433333333333334,19.2,19.383333333333333,19.55,10.0,14.0,4,3,114,1,0
19.45,19.2,19.383333333333333,19.55,10.0,15.0,4,3,114,1,0
19.533333333333335,19.2,19.383333333333333,19.55,10.0,20.0,4,3,114,0,0
21.55,19.2,21.483333333333334,21.65,10.0,141.0,4,3,114,0,0
21.633333333333333,19.2,21.483333333333334,21.65,10.0,146.0,4,3,114,1,0
21.633333333333333,19.2,21.483333333333334,21.65,10.0,146.0,4,3,114,0,0
22.566666666666666,19.2,22.566666666666666,22.716666666666665,9.0,202.0,4,3,114,0,0
22.7,19.2,22.566666666666666,22.716666666666665,9.0,210.0,4,3,114,0,0
0.05,19.2,0.0,0.3,18.0,-1149.0,4,4,115,1,0
0.05,19.2,0.0,0.3,18.0,-1149.0,4,4,115,0,0
0.06666666666666667,19.2,0.0,0.3,18.0,-1148.0,4,4,115,0,0
0.06666666666666667,19.2,0.0,0.3,18.0,-1148.0,4,4,115,0,0
0.08333333333333333,19.2,0.0,0.3,18.0,-1147.0,4,4,115,0,0
0.1,19.2,0.0,0.3,18.0,-1146.0,4,4,115,0,0
0.13333333333333333,19.2,0.0,0.3,18.0,-1144.0,4,4,115,0,0
0.16666666666666666,19.2,0.0,0.3,18.0,-1142.0,4,4,115,1,0
0.18333333333333332,19.2,0.0,0.3,18.0,-1141.0,4,4,115,1,0
0.18333333333333332,19.2,0.0,0.3,18.0,-1141.0,4,4,115,1,0
0.2,19.2,0.0,0.3,18.0,-1140.0,4,4,115,1,0
0.21666666666666667,19.2,0.0,0.3,18.0,-1139.0,4,4,115,1,0
0.23333333333333334,19.2,0.0,0.3,18.0,-1138.0,4,4,115,0,0
0.23333333333333334,19.2,0.0,0.3,18.0,-1138.0,4,4,115,1,0
2.0,19.2,1.9833333333333334,2.05,4.0,-1032.0,4,4,115,1,0
2.0,19.2,1.9833333333333334,2.05,4.0,-1032.0,4,4,115,1,0
2.0,19.2,1.9833333333333334,2.05,4.0,-1032.0,4,4,115,0,0
2.0,19.2,1.9833333333333334,2.05,4.0,-1032.0,4,4,115,1,0
2.0166666666666666,19.2,1.9833333333333334,2.05,4.0,-1031.0,4,4,115,1,0
2.0166666666666666,19.2,1.9833333333333334,2.05,4.0,-1031.0,4,4,115,1,0
2.033333333333333,19.2,1.9833333333333334,2.05,4.0,-1030.0,4,4,115,0,0
2.05,19.2,1.9833333333333334,2.05,4.0,-1029.0,4,4,115,1,0
2.8,19.2,2.7333333333333334,2.85,7.0,-984.0,4,4,115,0,0
2.8,19.2,2.7333333333333334,2.85,7.0,-984.0,4,4,115,0,0
2.8166666666666664,19.2,2.7333333333333334,2.85,7.0,-983.0,4,4,115,1,0
2.8166666666666664,19.2,2.7333333333333334,2.85,7.0,-983.0,4,4,115,1,0
3.45,19.2,3.4,3.6,12.0,-945.0,4,4,115,1,0
3.5166666666666666,19.2,3.4,3.6,12.0,-941.0,4,4,115,1,0
3.533333333333333,19.2,3.4,3.6,12.0,-940.0,4,4,115,1,0
3.533333333333333,19.2,3.4,3.6,12.0,-940.0,4,4,115,0,0
3.55,19.2,3.4,3.6,12.0,-939.0,4,4,115,1,0
3.55,19.2,3.4,3.6,12.0,-939.0,4,4,115,1,0
3.55,19.2,3.4,3.6,12.0,-939.0,4,4,115,1,0
3.5666666666666664,19.2,3.4,3.6,12.0,-938.0,4,4,115,1,0
3.95,19.2,3.85,4.016666666666667,10.0,-915.0,4,4,115,1,0
3.9833333333333334,19.2,3.85,4.016666666666667,10.0,-913.0,4,4,115,1,0
4.0,19.2,3.85,4.016666666666667,10.0,-912.0,4,4,115,1,0
19.5,19.233333333333334,19.5,19.583333333333332,5.0,16.0,4,5,116,0,0
19.966666666666665,19.233333333333334,19.95,20.1,9.0,44.0,4,5,116,1,0
19.983333333333334,19.233333333333334,19.95,20.1,9.0,45.0,4,5,116,1,0
20.0,19.233333333333334,19.95,20.1,9.0,46.0,4,5,116,0,0
22.95,19.233333333333334,22.95,22.983333333333334,2.0,223.0,4,5,116,1,0
22.95,19.233333333333334,22.95,22.983333333333334,2.0,223.0,4,5,116,1,0
22.966666666666665,19.233333333333334,22.95,22.983333333333334,2.0,224.0,4,5,116,1,0
22.983333333333334,19.233333333333334,22.95,22.983333333333334,2.0,225.0,4,5,116,1,0
22.983333333333334,19.233333333333334,22.95,22.983333333333334,2.0,225.0,4,5,116,1,0
23.866666666666667,19.233333333333334,23.833333333333332,23.933333333333334,6.0,278.0,4,5,116,1,0
23.866666666666667,19.233333333333334,23.833333333333332,23.933333333333334,6.0,278.0,4,5,116,1,0
23.883333333333333,19.233333333333334,23.833333333333332,23.933333333333334,6.0,279.0,4,5,116,1,0
23.9,19.233333333333334,23.833333333333332,23.933333333333334,6.0,280.0,4,5,116,1,0
23.916666666666668,19.233333333333334,23.833333333333332,23.933333333333334,6.0,281.0,4,5,116,1,0
1.4166666666666667,19.233333333333334,1.4166666666666667,1.4333333333333333,1.0,-1069.0,4,6,117,1,0
1.4166666666666667,19.233333333333334,1.4166666666666667,1.4333333333333333,1.0,-1069.0,4,6,117,1,0
1.4333333333333333,19.233333333333334,1.4166666666666667,1.4333333333333333,1.0,-1068.0,4,6,117,1,0
1.8166666666666667,19.233333333333334,1.8,1.8333333333333335,2.0,-1045.0,4,6,117,1,0
1.8166666666666667,19.233333333333334,1.8,1.8333333333333335,2.0,-1045.0,4,6,117,1,0
1.8333333333333335,19.233333333333334,1.8,1.8333333333333335,2.0,-1044.0,4,6,117,1,0
2.216666666666667,19.233333333333334,2.216666666666667,2.283333333333333,4.0,-1021.0,4,6,117,1,0
2.25,19.233333333333334,2.216666666666667,2.283333333333333,4.0,-1019.0,4,6,117,1,0
2.2666666666666666,19.233333333333334,2.216666666666667,2.283333333333333,4.0,-1018.0,4,6,117,1,0
3.6,19.233333333333334,3.5166666666666666,3.7333333333333334,13.0,-938.0,4,6,117,1,0
3.65,19.233333333333334,3.5166666666666666,3.7333333333333334,13.0,-935.0,4,6,117,1,0
3.65,19.233333333333334,3.5166666666666666,3.7333333333333334,13.0,-935.0,4,6,117,1,0
3.7,19.233333333333334,3.5166666666666666,3.7333333333333334,13.0,-932.0,4,6,117,1,0
3.716666666666667,19.233333333333334,3.5166666666666666,3.7333333333333334,13.0,-931.0,4,6,117,1,0
3.716666666666667,19.233333333333334,3.5166666666666666,3.7333333333333334,13.0,-931.0,4,6,117,1,0
3.716666666666667,19.233333333333334,3.5166666666666666,3.7333333333333334,13.0,-931.0,4,6,117,0,0
3.7333333333333334,19.233333333333334,3.5166666666666666,3.7333333333333334,13.0,-930.0,4,6,117,0,0
5.45,19.233333333333334,5.35,5.916666666666667,34.0,-827.0,4,6,117,1,0
5.316666666666666,19.183333333333334,5.25,5.416666666666667,10.0,-832.0,4,2,113,1,0
19.133333333333333,19.316666666666666,19.133333333333333,19.266666666666666,8.0,-11.0,4,5,123,1,0
19.166666666666668,19.316666666666666,19.133333333333333,19.266666666666666,8.0,-9.0,4,5,123,1,0
19.166666666666668,19.316666666666666,19.133333333333333,19.266666666666666,8.0,-9.0,4,5,123,1,0
20.65,19.316666666666666,20.616666666666667,20.733333333333334,7.0,80.0,4,5,123,1,0
20.666666666666668,19.316666666666666,20.616666666666667,20.733333333333334,7.0,81.0,4,5,123,1,0
20.733333333333334,19.316666666666666,20.616666666666667,20.733333333333334,7.0,85.0,4,5,123,0,0
21.5,19.316666666666666,21.5,21.516666666666666,1.0,131.0,4,5,123,0,0
21.516666666666666,19.316666666666666,21.5,21.516666666666666,1.0,132.0,4,5,123,0,0
23.033333333333335,19.316666666666666,23.016666666666666,23.2,11.0,223.0,4,5,123,1,0
23.066666666666666,19.316666666666666,23.016666666666666,23.2,11.0,225.0,4,5,123,1,0
23.35,19.316666666666666,23.35,23.4,3.0,242.0,4,5,123,1,0
23.366666666666667,19.316666666666666,23.35,23.4,3.0,243.0,4,5,123,0,0
23.383333333333333,19.316666666666666,23.35,23.4,3.0,244.0,4,5,123,1,0
23.4,19.316666666666666,23.35,23.4,3.0,245.0,4,5,123,1,0
0.36666666666666664,19.316666666666666,0.36666666666666664,0.45,5.0,-1137.0,4,6,124,0,0
0.38333333333333336,19.316666666666666,0.36666666666666664,0.45,5.0,-1136.0,4,6,124,0,0
0.4166666666666667,19.316666666666666,0.36666666666666664,0.45,5.0,-1134.0,4,6,124,0,0
0.45,19.316666666666666,0.36666666666666664,0.45,5.0,-1132.0,4,6,124,1,0
0.9166666666666666,19.316666666666666,0.9166666666666666,0.9333333333333333,1.0,-1104.0,4,6,124,1,0
0.9166666666666666,19.316666666666666,0.9166666666666666,0.9333333333333333,1.0,-1104.0,4,6,124,0,0
1.05,19.316666666666666,1.0333333333333334,1.1,4.0,-1096.0,4,6,124,0,0
1.05,19.316666666666666,1.0333333333333334,1.1,4.0,-1096.0,4,6,124,0,0
1.05,19.316666666666666,1.0333333333333334,1.1,4.0,-1096.0,4,6,124,0,0
1.05,19.316666666666666,1.0333333333333334,1.1,4.0,-1096.0,4,6,124,1,0
1.0666666666666667,19.316666666666666,1.0333333333333334,1.1,4.0,-1095.0,4,6,124,0,0
1.0666666666666667,19.316666666666666,1.0333333333333334,1.1,4.0,-1095.0,4,6,124,1,0
1.0833333333333333,19.316666666666666,1.0333333333333334,1.1,4.0,-1094.0,4,6,124,1,0
1.0833333333333333,19.316666666666666,1.0333333333333334,1.1,4.0,-1094.0,4,6,124,1,0
1.0833333333333333,19.316666666666666,1.0333333333333334,1.1,4.0,-1094.0,4,6,124,1,0
1.0833333333333333,19.316666666666666,1.0333333333333334,1.1,4.0,-1094.0,4,6,124,1,0
1.3333333333333333,19.316666666666666,1.3166666666666667,1.4,5.0,-1079.0,4,6,124,1,0
1.3333333333333333,19.316666666666666,1.3166666666666667,1.4,5.0,-1079.0,4,6,124,1,0
1.3333333333333333,19.316666666666666,1.3166666666666667,1.4,5.0,-1079.0,4,6,124,1,0
1.35,19.316666666666666,1.3166666666666667,1.4,5.0,-1078.0,4,6,124,1,0
1.7166666666666668,19.316666666666666,1.6833333333333333,1.85,10.0,-1056.0,4,6,124,1,0
1.7333333333333334,19.316666666666666,1.6833333333333333,1.85,10.0,-1055.0,4,6,124,1,0
1.7333333333333334,19.316666666666666,1.6833333333333333,1.85,10.0,-1055.0,4,6,124,1,0
1.75,19.316666666666666,1.6833333333333333,1.85,10.0,-1054.0,4,6,124,1,0
1.7666666666666666,19.316666666666666,1.6833333333333333,1.85,10.0,-1053.0,4,6,124,1,0
1.8,19.316666666666666,1.6833333333333333,1.85,10.0,-1051.0,4,6,124,1,0
1.8166666666666667,19.316666666666666,1.6833333333333333,1.85,10.0,-1050.0,4,6,124,1,0
1.85,19.316666666666666,1.6833333333333333,1.85,10.0,-1048.0,4,6,124,1,0
1.85,19.316666666666666,1.6833333333333333,1.85,10.0,-1048.0,4,6,124,1,0
2.85,19.316666666666666,2.85,3.1,15.0,-988.0,4,6,124,1,0
2.8833333333333333,19.316666666666666,2.85,3.1,15.0,-986.0,4,6,124,1,0
2.966666666666667,19.316666666666666,2.85,3.1,15.0,-981.0,4,6,124,1,0
2.966666666666667,19.316666666666666,2.85,3.1,15.0,-981.0,4,6,124,1,0
2.9833333333333334,19.316666666666666,2.85,3.1,15.0,-980.0,4,6,124,1,0
2.9833333333333334,19.316666666666666,2.85,3.1,15.0,-980.0,4,6,124,1,0
3.066666666666667,19.316666666666666,2.85,3.1,15.0,-975.0,4,6,124,1,0
3.1,19.316666666666666,2.85,3.1,15.0,-973.0,4,6,124,1,0
3.5666666666666664,19.316666666666666,3.55,3.8,15.0,-945.0,4,6,124,1,0
3.5666666666666664,19.316666666666666,3.55,3.8,15.0,-945.0,4,6,124,1,0
3.6666666666666665,19.316666666666666,3.55,3.8,15.0,-939.0,4,6,124,1,0
3.75,19.316666666666666,3.55,3.8,15.0,-934.0,4,6,124,0,0
3.7666666666666666,19.316666666666666,3.55,3.8,15.0,-933.0,4,6,124,0,0
4.566666666666666,19.316666666666666,4.516666666666667,4.616666666666667,6.0,-885.0,4,6,124,1,0
4.6,19.316666666666666,4.516666666666667,4.616666666666667,6.0,-883.0,4,6,124,1,0
5.0,19.316666666666666,4.966666666666667,5.0,2.0,-859.0,4,6,124,1,0
23.35,19.316666666666666,23.35,23.4,3.0,242.0,4,5,123,1,0
23.366666666666667,19.316666666666666,23.35,23.4,3.0,243.0,4,5,123,1,0
2.8666666666666667,19.316666666666666,2.85,3.1,15.0,-987.0,4,6,124,1,0
3.1,19.316666666666666,2.85,3.1,15.0,-973.0,4,6,124,1,0
20.716666666666665,19.316666666666666,20.616666666666667,20.883333333333333,16.0,84.0,4,6,124,1,0
20.8,19.316666666666666,20.616666666666667,20.883333333333333,16.0,89.0,4,6,124,1,0
20.816666666666666,19.316666666666666,20.616666666666667,20.883333333333333,16.0,90.0,4,6,124,1,0
20.833333333333332,19.316666666666666,20.616666666666667,20.883333333333333,16.0,91.0,4,6,124,0,0
22.883333333333333,19.316666666666666,22.883333333333333,23.1,13.0,214.0,4,6,124,0,0
22.883333333333333,19.316666666666666,22.883333333333333,23.1,13.0,214.0,4,6,124,1,0
22.916666666666668,19.316666666666666,22.883333333333333,23.1,13.0,216.0,4,6,124,0,0
22.933333333333334,19.316666666666666,22.883333333333333,23.1,13.0,217.0,4,6,124,0,0
23.0,19.316666666666666,22.883333333333333,23.1,13.0,221.0,4,6,124,1,0
23.016666666666666,19.316666666666666,22.883333333333333,23.1,13.0,222.0,4,6,124,1,0
23.016666666666666,19.316666666666666,22.883333333333333,23.1,13.0,222.0,4,6,124,1,0
23.033333333333335,19.316666666666666,22.883333333333333,23.1,13.0,223.0,4,6,124,0,0
23.1,19.316666666666666,22.883333333333333,23.1,13.0,227.0,4,6,124,1,0
1.5,19.316666666666666,1.4333333333333333,1.7333333333333334,18.0,-1069.0,4,0,125,1,0
1.5166666666666666,19.316666666666666,1.4333333333333333,1.7333333333333334,18.0,-1068.0,4,0,125,1,0
1.5166666666666666,19.316666666666666,1.4333333333333333,1.7333333333333334,18.0,-1068.0,4,0,125,1,0
1.5333333333333332,19.316666666666666,1.4333333333333333,1.7333333333333334,18.0,-1067.0,4,0,125,0,0
1.5333333333333332,19.316666666666666,1.4333333333333333,1.7333333333333334,18.0,-1067.0,4,0,125,1,0
1.55,19.316666666666666,1.4333333333333333,1.7333333333333334,18.0,-1066.0,4,0,125,0,0
1.6166666666666667,19.316666666666666,1.4333333333333333,1.7333333333333334,18.0,-1062.0,4,0,125,1,0
1.6666666666666665,19.316666666666666,1.4333333333333333,1.7333333333333334,18.0,-1059.0,4,0,125,0,0
1.6666666666666665,19.316666666666666,1.4333333333333333,1.7333333333333334,18.0,-1059.0,4,0,125,0,0
1.7,19.316666666666666,1.4333333333333333,1.7333333333333334,18.0,-1057.0,4,0,125,1,0
2.7,19.316666666666666,2.6833333333333336,2.9166666666666665,14.0,-997.0,4,0,125,1,0
2.7,19.316666666666666,2.6833333333333336,2.9166666666666665,14.0,-997.0,4,0,125,1,0
2.716666666666667,19.316666666666666,2.6833333333333336,2.9166666666666665,14.0,-996.0,4,0,125,1,0
2.716666666666667,19.316666666666666,2.6833333333333336,2.9166666666666665,14.0,-996.0,4,0,125,1,0
2.7333333333333334,19.316666666666666,2.6833333333333336,2.9166666666666665,14.0,-995.0,4,0,125,1,0
2.7333333333333334,19.316666666666666,2.6833333333333336,2.9166666666666665,14.0,-995.0,4,0,125,1,0
2.7666666666666666,19.316666666666666,2.6833333333333336,2.9166666666666665,14.0,-993.0,4,0,125,1,0
2.7666666666666666,19.316666666666666,2.6833333333333336,2.9166666666666665,14.0,-993.0,4,0,125,1,0
2.85,19.316666666666666,2.6833333333333336,2.9166666666666665,14.0,-988.0,4,0,125,1,0
2.85,19.316666666666666,2.6833333333333336,2.9166666666666665,14.0,-988.0,4,0,125,1,0
2.9166666666666665,19.316666666666666,2.6833333333333336,2.9166666666666665,14.0,-984.0,4,0,125,0,0
3.8833333333333333,19.316666666666666,3.716666666666667,4.7,59.0,-926.0,4,0,125,1,0
3.9,19.316666666666666,3.716666666666667,4.7,59.0,-925.0,4,0,125,1,0
1.5666666666666667,19.316666666666666,1.4333333333333333,1.7333333333333334,18.0,-1065.0,4,0,125,0,0
21.95,19.3,21.933333333333334,22.0,4.0,159.0,4,4,122,0,0
22.0,19.3,21.933333333333334,22.0,4.0,162.0,4,4,122,0,0
22.2,19.3,22.133333333333333,22.2,4.0,174.0,4,4,122,1,0
22.683333333333334,19.3,22.65,22.683333333333334,2.0,203.0,4,4,122,0,0
23.016666666666666,19.3,23.016666666666666,23.2,11.0,223.0,4,4,122,1,0
23.033333333333335,19.3,23.016666666666666,23.2,11.0,224.0,4,4,122,1,0
23.05,19.3,23.016666666666666,23.2,11.0,225.0,4,4,122,1,0
23.183333333333334,19.3,23.016666666666666,23.2,11.0,233.0,4,4,122,1,0
23.183333333333334,19.3,23.016666666666666,23.2,11.0,233.0,4,4,122,1,0
23.2,19.3,23.016666666666666,23.2,11.0,234.0,4,4,122,1,0
23.266666666666666,19.3,23.25,23.283333333333335,2.0,238.0,4,4,122,1,0
23.266666666666666,19.3,23.25,23.283333333333335,2.0,238.0,4,4,122,1,0
23.283333333333335,19.3,23.25,23.283333333333335,2.0,239.0,4,4,122,1,0
23.7,19.3,23.683333333333334,23.716666666666665,2.0,264.0,4,4,122,1,0
0.11666666666666667,19.3,0.06666666666666667,0.23333333333333334,10.0,-1151.0,4,5,123,0,0
0.16666666666666666,19.3,0.06666666666666667,0.23333333333333334,10.0,-1148.0,4,5,123,0,0
0.16666666666666666,19.3,0.06666666666666667,0.23333333333333334,10.0,-1148.0,4,5,123,1,0
0.16666666666666666,19.3,0.06666666666666667,0.23333333333333334,10.0,-1148.0,4,5,123,1,0
0.16666666666666666,19.3,0.06666666666666667,0.23333333333333334,10.0,-1148.0,4,5,123,1,0
0.18333333333333332,19.3,0.06666666666666667,0.23333333333333334,10.0,-1147.0,4,5,123,1,0
0.18333333333333332,19.3,0.06666666666666667,0.23333333333333334,10.0,-1147.0,4,5,123,1,0
0.18333333333333332,19.3,0.06666666666666667,0.23333333333333334,10.0,-1147.0,4,5,123,0,0
0.2,19.3,0.06666666666666667,0.23333333333333334,10.0,-1146.0,4,5,123,0,0
0.2,19.3,0.06666666666666667,0.23333333333333334,10.0,-1146.0,4,5,123,1,0
0.21666666666666667,19.3,0.06666666666666667,0.23333333333333334,10.0,-1145.0,4,5,123,0,0
0.21666666666666667,19.3,0.06666666666666667,0.23333333333333334,10.0,-1145.0,4,5,123,1,0
0.21666666666666667,19.3,0.06666666666666667,0.23333333333333334,10.0,-1145.0,4,5,123,1,0
0.21666666666666667,19.3,0.06666666666666667,0.23333333333333334,10.0,-1145.0,4,5,123,0,0
1.1,19.3,1.1,1.1166666666666667,1.0,-1092.0,4,5,123,1,0
1.1,19.3,1.1,1.1166666666666667,1.0,-1092.0,4,5,123,1,0
1.1,19.3,1.1,1.1166666666666667,1.0,-1092.0,4,5,123,1,0
1.1166666666666667,19.3,1.1,1.1166666666666667,1.0,-1091.0,4,5,123,1,0
2.2333333333333334,19.3,2.216666666666667,2.2333333333333334,1.0,-1024.0,4,5,123,1,0
2.2333333333333334,19.3,2.216666666666667,2.2333333333333334,1.0,-1024.0,4,5,123,1,0
2.3666666666666667,19.3,2.35,2.3833333333333333,2.0,-1016.0,4,5,123,0,0
2.3666666666666667,19.3,2.35,2.3833333333333333,2.0,-1016.0,4,5,123,1,0
2.8166666666666664,19.3,2.783333333333333,2.85,4.0,-989.0,4,5,123,1,0
2.8166666666666664,19.3,2.783333333333333,2.85,4.0,-989.0,4,5,123,1,0
2.8333333333333335,19.3,2.783333333333333,2.85,4.0,-988.0,4,5,123,1,0
2.8333333333333335,19.3,2.783333333333333,2.85,4.0,-988.0,4,5,123,1,0
2.8333333333333335,19.3,2.783333333333333,2.85,4.0,-988.0,4,5,123,1,0
2.85,19.3,2.783333333333333,2.85,4.0,-987.0,4,5,123,1,0
3.4166666666666665,19.3,3.4,3.4166666666666665,1.0,-953.0,4,5,123,0,0
3.4166666666666665,19.3,3.4,3.4166666666666665,1.0,-953.0,4,5,123,1,0
3.6,19.3,3.55,3.6,3.0,-942.0,4,5,123,1,0
3.85,19.3,3.8,4.15,21.0,-927.0,4,5,123,1,0
5.266666666666667,19.3,5.233333333333333,5.35,7.0,-842.0,4,5,123,0,0
5.333333333333333,19.3,5.233333333333333,5.35,7.0,-838.0,4,5,123,1,0
5.916666666666667,19.3,5.916666666666667,6.083333333333333,10.0,-803.0,4,5,123,1,0
20.7,19.2,20.666666666666668,20.716666666666665,3.0,90.0,4,2,113,1,0
20.716666666666665,19.2,20.666666666666668,20.716666666666665,3.0,91.0,4,2,113,1,0
0.31666666666666665,19.2,0.3,0.31666666666666665,1.0,-1133.0,4,3,114,1,0
1.25,19.2,1.2,1.3,6.0,-1077.0,4,3,114,1,0
4.516666666666667,19.2,4.466666666666667,4.566666666666666,6.0,-881.0,4,3,114,0,0
4.533333333333333,19.2,4.466666666666667,4.566666666666666,6.0,-880.0,4,3,114,1,0
4.55,19.2,4.466666666666667,4.566666666666666,6.0,-879.0,4,3,114,1,0
4.55,19.2,4.466666666666667,4.566666666666666,6.0,-879.0,4,3,114,1,0
21.25,19.333333333333332,21.233333333333334,21.266666666666666,2.0,115.0,4,0,125,0,0
21.266666666666666,19.333333333333332,21.233333333333334,21.266666666666666,2.0,116.0,4,0,125,1,0
22.183333333333334,19.333333333333332,22.133333333333333,22.25,7.0,171.0,4,0,125,1,0
22.2,19.333333333333332,22.133333333333333,22.25,7.0,172.0,4,0,125,1,0
22.25,19.333333333333332,22.133333333333333,22.25,7.0,175.0,4,0,125,1,0
23.483333333333334,19.333333333333332,23.316666666666666,23.533333333333335,13.0,249.0,4,0,125,1,0
23.483333333333334,19.333333333333332,23.316666666666666,23.533333333333335,13.0,249.0,4,0,125,1,0
23.5,19.333333333333332,23.316666666666666,23.533333333333335,13.0,250.0,4,0,125,1,0
23.5,19.333333333333332,23.316666666666666,23.533333333333335,13.0,250.0,4,0,125,1,0
23.516666666666666,19.333333333333332,23.316666666666666,23.533333333333335,13.0,251.0,4,0,125,1,0
19.633333333333333,19.233333333333334,19.633333333333333,19.7,4.0,24.0,4,6,117,1,0
19.683333333333334,19.233333333333334,19.633333333333333,19.7,4.0,27.0,4,6,117,1,0
0.18333333333333332,19.233333333333334,0.13333333333333333,0.2,4.0,-1143.0,4,0,118,1,0
0.2,19.233333333333334,0.13333333333333333,0.2,4.0,-1142.0,4,0,118,1,0
0.7666666666666667,19.233333333333334,0.75,0.8333333333333334,5.0,-1108.0,4,0,118,1,0
0.8,19.233333333333334,0.75,0.8333333333333334,5.0,-1106.0,4,0,118,1,0
0.8166666666666667,19.233333333333334,0.75,0.8333333333333334,5.0,-1105.0,4,0,118,1,0
0.8166666666666667,19.233333333333334,0.75,0.8333333333333334,5.0,-1105.0,4,0,118,1,0
1.1333333333333333,19.233333333333334,1.1166666666666667,1.1666666666666667,3.0,-1086.0,4,0,118,1,0
1.1666666666666667,19.233333333333334,1.1166666666666667,1.1666666666666667,3.0,-1084.0,4,0,118,1,0
1.6833333333333333,19.233333333333334,1.6833333333333333,1.7333333333333334,3.0,-1053.0,4,0,118,1,0
0.7833333333333333,19.233333333333334,0.75,0.8333333333333334,5.0,-1107.0,4,0,118,1,0
19.516666666666666,19.283333333333335,19.4,19.533333333333335,8.0,14.0,4,2,120,1,0
19.85,19.25,19.85,19.85,0.0,36.0,4,0,118,1,0
3.95,19.25,3.85,3.95,6.0,-918.0,4,1,119,1,0
19.366666666666667,19.216666666666665,19.3,19.433333333333334,8.0,9.0,4,4,115,1,0
19.416666666666668,19.216666666666665,19.3,19.433333333333334,8.0,12.0,4,4,115,1,0
19.416666666666668,19.216666666666665,19.3,19.433333333333334,8.0,12.0,4,4,115,1,0
21.366666666666667,19.216666666666665,21.333333333333332,21.566666666666666,14.0,129.0,4,4,115,1,0
21.4,19.216666666666665,21.333333333333332,21.566666666666666,14.0,131.0,4,4,115,1,0
21.983333333333334,19.216666666666665,21.983333333333334,21.983333333333334,0.0,166.0,4,4,115,1,0
0.8166666666666667,19.216666666666665,0.8166666666666667,0.9166666666666666,6.0,-1104.0,4,5,116,1,0
0.8333333333333334,19.216666666666665,0.8166666666666667,0.9166666666666666,6.0,-1103.0,4,5,116,0,0
0.9,19.216666666666665,0.8166666666666667,0.9166666666666666,6.0,-1099.0,4,5,116,1,0
0.9166666666666666,19.216666666666665,0.8166666666666667,0.9166666666666666,6.0,-1098.0,4,5,116,1,0
1.7333333333333334,19.216666666666665,1.7166666666666668,1.75,2.0,-1049.0,4,5,116,0,0
2.1333333333333333,19.216666666666665,2.1,2.3,12.0,-1025.0,4,5,116,1,0
2.15,19.216666666666665,2.1,2.3,12.0,-1024.0,4,5,116,1,0
2.15,19.216666666666665,2.1,2.3,12.0,-1024.0,4,5,116,1,0
2.2333333333333334,19.216666666666665,2.1,2.3,12.0,-1019.0,4,5,116,0,0
2.25,19.216666666666665,2.1,2.3,12.0,-1018.0,4,5,116,1,0
2.2666666666666666,19.216666666666665,2.1,2.3,12.0,-1017.0,4,5,116,0,0
2.2666666666666666,19.216666666666665,2.1,2.3,12.0,-1017.0,4,5,116,0,0
2.283333333333333,19.216666666666665,2.1,2.3,12.0,-1016.0,4,5,116,1,0
2.283333333333333,19.216666666666665,2.1,2.3,12.0,-1016.0,4,5,116,1,0
2.283333333333333,19.216666666666665,2.1,2.3,12.0,-1016.0,4,5,116,1,0
2.283333333333333,19.216666666666665,2.1,2.3,12.0,-1016.0,4,5,116,1,0
2.283333333333333,19.216666666666665,2.1,2.3,12.0,-1016.0,4,5,116,1,0
2.283333333333333,19.216666666666665,2.1,2.3,12.0,-1016.0,4,5,116,1,0
3.4333333333333336,19.216666666666665,3.35,3.4333333333333336,5.0,-947.0,4,5,116,1,0
3.4333333333333336,19.216666666666665,3.35,3.4333333333333336,5.0,-947.0,4,5,116,0,0
5.9,19.216666666666665,5.833333333333333,6.15,19.0,-799.0,4,5,116,1,0
0.9,19.216666666666665,0.8166666666666667,0.9166666666666666,6.0,-1099.0,4,5,116,1,0
23.916666666666668,19.4,23.733333333333334,23.916666666666668,11.0,271.0,5,6,131,0,0
3.2666666666666666,19.4,3.2,3.2666666666666666,4.0,-968.0,5,0,132,1,0
3.75,19.4,3.6333333333333333,3.9,16.0,-939.0,5,0,132,0,0
4.466666666666667,19.4,4.416666666666667,4.6,11.0,-896.0,5,0,132,0,0
4.483333333333333,19.4,4.416666666666667,4.6,11.0,-895.0,5,0,132,1,0
5.533333333333333,19.4,5.5,5.7,12.0,-832.0,5,0,132,1,0
5.55,19.4,5.5,5.7,12.0,-831.0,5,0,132,0,0
2.55,19.433333333333334,2.55,2.65,6.0,-1013.0,5,2,134,0,0
2.5666666666666664,19.433333333333334,2.55,2.65,6.0,-1012.0,5,2,134,1,0
2.5833333333333335,19.433333333333334,2.55,2.65,6.0,-1011.0,5,2,134,1,0
2.5833333333333335,19.433333333333334,2.55,2.65,6.0,-1011.0,5,2,134,1,0
2.5833333333333335,19.433333333333334,2.55,2.65,6.0,-1011.0,5,2,134,1,0
2.6333333333333333,19.433333333333334,2.55,2.65,6.0,-1008.0,5,2,134,1,0
2.65,19.433333333333334,2.55,2.65,6.0,-1007.0,5,2,134,1,0
2.65,19.433333333333334,2.55,2.65,6.0,-1007.0,5,2,134,1,0
3.3833333333333333,19.433333333333334,3.35,3.5,9.0,-963.0,5,2,134,1,0
3.4833333333333334,19.433333333333334,3.35,3.5,9.0,-957.0,5,2,134,0,0
3.5,19.433333333333334,3.35,3.5,9.0,-956.0,5,2,134,0,0
19.15,19.35,18.966666666666665,19.283333333333335,19.0,-12.0,5,1,126,1,0
19.166666666666668,19.35,18.966666666666665,19.283333333333335,19.0,-11.0,5,1,126,1,0
19.233333333333334,19.35,18.966666666666665,19.283333333333335,19.0,-7.0,5,1,126,1,0
21.466666666666665,19.35,21.45,21.633333333333333,11.0,127.0,5,1,126,1,0
21.566666666666666,19.35,21.45,21.633333333333333,11.0,133.0,5,1,126,1,0
22.183333333333334,19.35,22.1,22.183333333333334,5.0,170.0,5,1,126,1,0
23.2,19.35,23.133333333333333,23.2,4.0,231.0,5,1,126,1,0
23.933333333333334,19.35,23.9,0.0,-1434.0,275.0,5,1,126,1,0
0.7833333333333333,19.35,0.7666666666666667,0.9666666666666667,12.0,-1114.0,5,2,127,1,0
0.7833333333333333,19.35,0.7666666666666667,0.9666666666666667,12.0,-1114.0,5,2,127,0,0
0.8166666666666667,19.35,0.7666666666666667,0.9666666666666667,12.0,-1112.0,5,2,127,1,0
0.85,19.35,0.7666666666666667,0.9666666666666667,12.0,-1110.0,5,2,127,1,0
0.85,19.35,0.7666666666666667,0.9666666666666667,12.0,-1110.0,5,2,127,0,0
0.8833333333333333,19.35,0.7666666666666667,0.9666666666666667,12.0,-1108.0,5,2,127,0,0
0.8833333333333333,19.35,0.7666666666666667,0.9666666666666667,12.0,-1108.0,5,2,127,1,0
0.9,19.35,0.7666666666666667,0.9666666666666667,12.0,-1107.0,5,2,127,1,0
0.95,19.35,0.7666666666666667,0.9666666666666667,12.0,-1104.0,5,2,127,0,0
1.5833333333333335,19.35,1.5666666666666667,1.6,2.0,-1066.0,5,2,127,0,0
2.3333333333333335,19.35,2.2333333333333334,2.4,10.0,-1021.0,5,2,127,1,0
2.35,19.35,2.2333333333333334,2.4,10.0,-1020.0,5,2,127,1,0
2.3666666666666667,19.35,2.2333333333333334,2.4,10.0,-1019.0,5,2,127,1,0
3.85,19.35,3.8333333333333335,3.85,1.0,-930.0,5,2,127,1,0
4.366666666666666,19.35,4.233333333333333,4.45,13.0,-899.0,5,2,127,0,0
5.15,19.35,5.116666666666666,5.166666666666667,3.0,-852.0,5,2,127,1,0
0.85,19.35,0.7666666666666667,0.9666666666666667,12.0,-1110.0,5,2,127,1,0
2.3666666666666667,19.35,2.2333333333333334,2.4,10.0,-1019.0,5,2,127,1,0
1.05,19.416666666666668,1.0333333333333334,1.05,1.0,-1102.0,5,1,133,0,0
2.55,19.416666666666668,2.55,2.5833333333333335,2.0,-1012.0,5,1,133,1,0
2.5833333333333335,19.416666666666668,2.55,2.5833333333333335,2.0,-1010.0,5,1,133,1,0
2.5833333333333335,19.416666666666668,2.55,2.5833333333333335,2.0,-1010.0,5,1,133,0,0
3.216666666666667,19.433333333333334,3.216666666666667,3.283333333333333,4.0,-973.0,5,3,135,1,0
4.733333333333333,19.433333333333334,4.716666666666667,4.8,5.0,-882.0,5,3,135,0,0
22.15,19.45,22.133333333333333,22.216666666666665,5.0,162.0,5,3,135,1,0
22.166666666666668,19.45,22.133333333333333,22.216666666666665,5.0,163.0,5,3,135,1,0
22.2,19.45,22.133333333333333,22.216666666666665,5.0,165.0,5,3,135,0,0
22.2,19.45,22.133333333333333,22.216666666666665,5.0,165.0,5,3,135,0,0
23.95,19.45,23.916666666666668,0.03333333333333333,-1433.0,270.0,5,3,135,0,0
2.75,19.45,2.5833333333333335,2.783333333333333,12.0,-1002.0,5,4,136,0,0
2.7666666666666666,19.45,2.5833333333333335,2.783333333333333,12.0,-1001.0,5,4,136,0,0
2.783333333333333,19.45,2.5833333333333335,2.783333333333333,12.0,-1000.0,5,4,136,0,0
4.5,19.45,4.416666666666667,4.6,11.0,-897.0,5,4,136,0,0
22.766666666666666,19.533333333333335,22.683333333333334,22.8,7.0,194.0,5,3,142,1,0
22.766666666666666,19.533333333333335,22.683333333333334,22.8,7.0,194.0,5,3,142,0,0
22.8,19.533333333333335,22.683333333333334,22.8,7.0,196.0,5,3,142,0,0
23.816666666666666,19.533333333333335,23.816666666666666,23.966666666666665,9.0,257.0,5,3,142,0,0
23.833333333333332,19.533333333333335,23.816666666666666,23.966666666666665,9.0,258.0,5,3,142,0,0
23.916666666666668,19.533333333333335,23.816666666666666,23.966666666666665,9.0,263.0,5,3,142,0,1
23.966666666666665,19.533333333333335,23.816666666666666,23.966666666666665,9.0,266.0,5,3,142,0,0
21.866666666666667,19.566666666666666,21.7,22.183333333333334,29.0,138.0,5,6,145,0,0
2.9,19.566666666666666,2.8166666666666664,2.95,8.0,-1000.0,5,0,146,0,0
3.4333333333333336,19.516666666666666,3.4,3.4333333333333336,2.0,-965.0,5,3,142,0,0
0.1,19.333333333333332,0.1,0.15,3.0,-1154.0,5,1,126,1,0
0.1,19.333333333333332,0.1,0.15,3.0,-1154.0,5,1,126,1,0
0.11666666666666667,19.333333333333332,0.1,0.15,3.0,-1153.0,5,1,126,1,0
0.13333333333333333,19.333333333333332,0.1,0.15,3.0,-1152.0,5,1,126,0,0
0.48333333333333334,19.333333333333332,0.4666666666666667,0.7333333333333333,16.0,-1131.0,5,1,126,1,0
0.5333333333333333,19.333333333333332,0.4666666666666667,0.7333333333333333,16.0,-1128.0,5,1,126,1,0
0.55,19.333333333333332,0.4666666666666667,0.7333333333333333,16.0,-1127.0,5,1,126,1,0
0.55,19.333333333333332,0.4666666666666667,0.7333333333333333,16.0,-1127.0,5,1,126,1,0
0.55,19.333333333333332,0.4666666666666667,0.7333333333333333,16.0,-1127.0,5,1,126,1,0
0.55,19.333333333333332,0.4666666666666667,0.7333333333333333,16.0,-1127.0,5,1,126,1,0
0.5666666666666667,19.333333333333332,0.4666666666666667,0.7333333333333333,16.0,-1126.0,5,1,126,0,0
0.65,19.333333333333332,0.4666666666666667,0.7333333333333333,16.0,-1121.0,5,1,126,1,0
0.7,19.333333333333332,0.4666666666666667,0.7333333333333333,16.0,-1118.0,5,1,126,0,0
0.7166666666666667,19.333333333333332,0.4666666666666667,0.7333333333333333,16.0,-1117.0,5,1,126,1,0
0.7333333333333333,19.333333333333332,0.4666666666666667,0.7333333333333333,16.0,-1116.0,5,1,126,1,0
2.55,19.333333333333332,2.55,2.6166666666666667,4.0,-1007.0,5,1,126,1,0
3.5166666666666666,19.333333333333332,3.4,3.55,9.0,-949.0,5,1,126,1,0
3.9333333333333336,19.333333333333332,3.8666666666666667,3.9833333333333334,7.0,-924.0,5,1,126,0,0
3.95,19.333333333333332,3.8666666666666667,3.9833333333333334,7.0,-923.0,5,1,126,1,0
5.7,19.333333333333332,5.666666666666667,5.716666666666667,3.0,-818.0,5,1,126,0,0
0.11666666666666667,19.333333333333332,0.1,0.15,3.0,-1153.0,5,1,126,0,0
0.15,19.333333333333332,0.1,0.15,3.0,-1151.0,5,1,126,1,0
0.5166666666666667,19.333333333333332,0.4666666666666667,0.7333333333333333,16.0,-1129.0,5,1,126,1,0
0.5833333333333334,19.333333333333332,0.4666666666666667,0.7333333333333333,16.0,-1125.0,5,1,126,1,0
0.7333333333333333,19.333333333333332,0.4666666666666667,0.7333333333333333,16.0,-1116.0,5,1,126,1,0
22.666666666666668,19.483333333333334,22.633333333333333,22.666666666666668,2.0,191.0,5,6,138,0,0
1.4,19.483333333333334,1.2666666666666666,1.5,14.0,-1085.0,5,0,139,1,0
5.7,19.483333333333334,5.683333333333334,5.716666666666667,2.0,-827.0,5,0,139,1,0
3.6,19.483333333333334,3.5666666666666664,3.75,11.0,-953.0,5,0,139,1,0
19.333333333333332,19.35,19.25,19.433333333333334,11.0,-1.0,5,2,127,0,0
19.866666666666667,19.35,19.866666666666667,19.916666666666668,3.0,31.0,5,2,127,0,0
19.883333333333333,19.35,19.866666666666667,19.916666666666668,3.0,32.0,5,2,127,0,0
19.916666666666668,19.35,19.866666666666667,19.916666666666668,3.0,34.0,5,2,127,0,0
21.016666666666666,19.35,20.983333333333334,21.1,7.0,100.0,5,2,127,1,0
21.016666666666666,19.35,20.983333333333334,21.1,7.0,100.0,5,2,127,0,0
21.083333333333332,19.35,20.983333333333334,21.1,7.0,104.0,5,2,127,0,0
22.933333333333334,19.35,22.85,22.95,6.0,215.0,5,2,127,1,0
23.216666666666665,19.35,23.216666666666665,23.333333333333332,7.0,232.0,5,2,127,0,0
23.333333333333332,19.35,23.216666666666665,23.333333333333332,7.0,239.0,5,2,127,1,0
23.333333333333332,19.35,23.216666666666665,23.333333333333332,7.0,239.0,5,2,127,1,0
3.4833333333333334,19.35,3.35,3.55,12.0,-952.0,5,3,128,0,0
3.5,19.35,3.35,3.55,12.0,-951.0,5,3,128,0,0
3.5166666666666666,19.35,3.35,3.55,12.0,-950.0,5,3,128,1,0
3.85,19.35,3.8,3.8833333333333333,5.0,-930.0,5,3,128,0,0
21.983333333333334,19.4,21.916666666666668,22.15,14.0,155.0,5,5,130,0,0
22.816666666666666,19.4,22.8,22.816666666666666,1.0,205.0,5,5,130,0,0
22.916666666666668,19.4,22.9,23.0,6.0,211.0,5,5,130,0,0
23.433333333333334,19.4,23.416666666666668,23.433333333333334,1.0,242.0,5,5,130,1,0
1.9666666666666668,19.4,1.9333333333333333,2.1666666666666665,14.0,-1046.0,5,6,131,0,0
1.9666666666666668,19.4,1.9333333333333333,2.1666666666666665,14.0,-1046.0,5,6,131,0,0
2.0,19.4,1.9333333333333333,2.1666666666666665,14.0,-1044.0,5,6,131,1,0
2.0,19.4,1.9333333333333333,2.1666666666666665,14.0,-1044.0,5,6,131,0,0
2.0166666666666666,19.4,1.9333333333333333,2.1666666666666665,14.0,-1043.0,5,6,131,0,0
2.1166666666666667,19.4,1.9333333333333333,2.1666666666666665,14.0,-1037.0,5,6,131,0,0
2.15,19.4,1.9333333333333333,2.1666666666666665,14.0,-1035.0,5,6,131,0,0
3.2666666666666666,19.4,3.1666666666666665,3.2666666666666666,6.0,-968.0,5,6,131,1,0
3.65,19.4,3.5,3.7666666666666666,16.0,-945.0,5,6,131,1,0
3.65,19.4,3.5,3.7666666666666666,16.0,-945.0,5,6,131,0,0
3.6666666666666665,19.4,3.5,3.7666666666666666,16.0,-944.0,5,6,131,1,0
3.7,19.4,3.5,3.7666666666666666,16.0,-942.0,5,6,131,0,0
3.7,19.4,3.5,3.7666666666666666,16.0,-942.0,5,6,131,1,0
3.7,19.4,3.5,3.7666666666666666,16.0,-942.0,5,6,131,1,0
3.7666666666666666,19.4,3.5,3.7666666666666666,16.0,-938.0,5,6,131,1,0
5.116666666666666,19.4,4.9,5.183333333333334,17.0,-857.0,5,6,131,1,0
5.116666666666666,19.4,4.9,5.183333333333334,17.0,-857.0,5,6,131,0,0
5.133333333333334,19.4,4.9,5.183333333333334,17.0,-856.0,5,6,131,1,0
5.466666666666667,19.4,5.433333333333334,5.466666666666667,2.0,-836.0,5,6,131,0,0
20.416666666666668,19.383333333333333,20.4,20.416666666666668,1.0,62.0,5,4,129,0,0
20.733333333333334,19.383333333333333,20.65,21.066666666666666,25.0,81.0,5,4,129,1,0
20.833333333333332,19.383333333333333,20.65,21.066666666666666,25.0,87.0,5,4,129,0,0
22.55,19.383333333333333,22.533333333333335,22.566666666666666,2.0,190.0,5,4,129,1,0
22.55,19.383333333333333,22.533333333333335,22.566666666666666,2.0,190.0,5,4,129,1,0
23.6,19.383333333333333,23.55,23.6,3.0,253.0,5,4,129,0,0
1.0333333333333334,19.383333333333333,0.8333333333333334,1.1833333333333333,21.0,-1101.0,5,5,130,0,0
1.05,19.383333333333333,0.8333333333333334,1.1833333333333333,21.0,-1100.0,5,5,130,1,0
2.033333333333333,19.383333333333333,2.033333333333333,2.1166666666666667,5.0,-1041.0,5,5,130,1,0
2.1,19.383333333333333,2.033333333333333,2.1166666666666667,5.0,-1037.0,5,5,130,1,0
2.7666666666666666,19.383333333333333,2.75,2.783333333333333,2.0,-997.0,5,5,130,1,0
3.4166666666666665,19.383333333333333,3.3666666666666667,3.4833333333333334,7.0,-958.0,5,5,130,0,0
3.4333333333333336,19.383333333333333,3.3666666666666667,3.4833333333333334,7.0,-957.0,5,5,130,0,0
19.183333333333334,19.366666666666667,18.966666666666665,19.416666666666668,27.0,-11.0,5,3,128,0,0
19.233333333333334,19.366666666666667,18.966666666666665,19.416666666666668,27.0,-8.0,5,3,128,0,0
20.3,19.366666666666667,20.3,20.3,0.0,56.0,5,3,128,0,1
20.966666666666665,19.366666666666667,20.95,21.116666666666667,10.0,96.0,5,3,128,0,0
23.816666666666666,19.366666666666667,23.766666666666666,23.866666666666667,6.0,267.0,5,3,128,0,0
23.85,19.366666666666667,23.766666666666666,23.866666666666667,6.0,269.0,5,3,128,1,0
0.2,19.366666666666667,0.15,0.5,21.0,-1150.0,5,4,129,0,0
0.36666666666666664,19.366666666666667,0.15,0.5,21.0,-1140.0,5,4,129,0,0
0.36666666666666664,19.366666666666667,0.15,0.5,21.0,-1140.0,5,4,129,0,0
1.95,19.366666666666667,1.95,2.1166666666666667,10.0,-1045.0,5,4,129,0,0
2.066666666666667,19.366666666666667,1.95,2.1166666666666667,10.0,-1038.0,5,4,129,1,0
2.1,19.366666666666667,1.95,2.1166666666666667,10.0,-1036.0,5,4,129,1,0
2.1,19.366666666666667,1.95,2.1166666666666667,10.0,-1036.0,5,4,129,1,0
2.1,19.366666666666667,1.95,2.1166666666666667,10.0,-1036.0,5,4,129,1,0
2.966666666666667,19.366666666666667,2.9166666666666665,3.2333333333333334,19.0,-984.0,5,4,129,1,0
2.966666666666667,19.366666666666667,2.9166666666666665,3.2333333333333334,19.0,-984.0,5,4,129,1,0
3.0,19.366666666666667,2.9166666666666665,3.2333333333333334,19.0,-982.0,5,4,129,1,0
3.0833333333333335,19.366666666666667,2.9166666666666665,3.2333333333333334,19.0,-977.0,5,4,129,1,0
3.0833333333333335,19.366666666666667,2.9166666666666665,3.2333333333333334,19.0,-977.0,5,4,129,1,0
3.1,19.366666666666667,2.9166666666666665,3.2333333333333334,19.0,-976.0,5,4,129,1,0
3.1,19.366666666666667,2.9166666666666665,3.2333333333333334,19.0,-976.0,5,4,129,0,0
3.15,19.366666666666667,2.9166666666666665,3.2333333333333334,19.0,-973.0,5,4,129,0,0
3.3333333333333335,19.366666666666667,3.3333333333333335,3.35,1.0,-962.0,5,4,129,0,0
4.3,19.366666666666667,4.233333333333333,4.5,16.0,-904.0,5,4,129,0,0
4.3,19.366666666666667,4.233333333333333,4.5,16.0,-904.0,5,4,129,1,0
4.316666666666666,19.366666666666667,4.233333333333333,4.5,16.0,-903.0,5,4,129,1,0
23.85,19.366666666666667,23.766666666666666,23.866666666666667,6.0,269.0,5,3,128,1,0
