,start_time,bat_landing_to_food,habit,rat_period_start,rat_period_end,seconds_after_rat_arrival,risk,reward,month,sunset_time,hours_after_sunset,season,start_date,bat_start_hour,rat_start_hour,rat_end_hour
0,18:37,16.0,rat,18:35,18:38,108,1,0,0,16:45,1.870833333,0,30/12/2017,18,18,18
1,19:51,0.074015603,fast,19:50,19:55,17,0,1,0,16:45,3.100833333,0,30/12/2017,19,19,19
2,19:51,4.0,fast,19:50,19:55,41,0,1,0,16:45,3.1075,0,30/12/2017,19,19,19
3,19:52,10.0,rat,19:50,19:55,111,1,0,0,16:45,3.126944444,0,30/12/2017,19,19,19
4,19:54,15.0,rat,19:50,19:55,194,1,0,0,16:45,3.15,0,30/12/2017,19,19,19
5,19:54,24.0,rat,19:50,19:55,215,1,0,0,16:45,3.155833333,0,30/12/2017,19,19,19
6,19:54,13.0,rat,19:50,19:55,253,1,0,0,16:45,3.166388889,0,30/12/2017,19,19,19
7,21:24,15.0,rat,21:22,21:27,88,1,0,0,16:43,4.684444444,0,26/12/2017,21,21,21
8,21:24,6.0,pick,21:22,21:27,113,0,1,0,16:43,4.691388889,0,26/12/2017,21,21,21
9,21:24,3.0,fast,21:22,21:27,121,0,1,0,16:43,4.693611111,0,26/12/2017,21,21,21
10,21:24,5.0,pick,21:22,21:27,128,0,1,0,16:43,4.695555556,0,26/12/2017,21,21,21
11,21:25,6.0,pick,21:22,21:27,153,0,1,0,16:43,4.7025,0,26/12/2017,21,21,21
12,21:26,10.0,rat,21:22,21:27,208,1,0,0,16:43,4.717777778,0,26/12/2017,21,21,21
13,21:26,1.0,bat_fight,21:22,21:27,216,1,0,0,16:43,4.72,0,26/12/2017,21,21,21
14,01:35,2.0,rat_and_no_food,01:34,01:41,37,1,0,0,16:43,8.8725,0,27/12/2017,1,1,1
17,19:36,1.0,fast,19:35,19:46,14,0,1,0,16:44,2.868888889,0,28/12/2017,19,19,19
18,19:36,2.0,rat,19:35,19:46,40,1,0,0,16:44,2.876111111,0,28/12/2017,19,19,19
19,19:37,26.0,rat,19:35,19:46,68,1,0,0,16:44,2.883888889,0,28/12/2017,19,19,19
20,19:44,5.0,rat_and_others,19:35,19:46,521,1,0,0,16:44,3.009722222,0,28/12/2017,19,19,19
21,19:45,15.0,pick_and_others,19:35,19:46,564,1,1,0,16:44,3.021666667,0,28/12/2017,19,19,19
22,19:46,24.0,rat,19:35,19:46,607,1,0,0,16:44,3.033611111,0,28/12/2017,19,19,19
23,03:58,2.0,fast,03:56,04:13,107,0,1,0,16:43,11.26277778,0,28/12/2017,3,3,4
24,04:02,2.0,fast,03:56,04:13,358,0,1,0,16:43,11.3325,0,28/12/2017,4,3,4
26,23:44,0.049410419,fast,23:44,23:50,12,0,1,1,17:09,6.591111111,0,27/1/2018,23,23,23
27,23:44,1.0,fast,23:44,23:50,14,0,1,1,17:09,6.591666667,0,27/1/2018,23,23,23
28,23:45,6.0,rat,23:44,23:50,49,1,0,1,17:09,6.601388889,0,27/1/2018,23,23,23
29,23:45,3.0,fast,23:44,23:50,68,0,1,1,17:09,6.606666667,0,27/1/2018,23,23,23
30,23:45,8.0,rat,23:44,23:50,84,1,0,1,17:09,6.611111111,0,27/1/2018,23,23,23
32,23:47,0.010695699,fast,23:44,23:50,186,0,1,1,17:09,6.639444444,0,27/1/2018,23,23,23
33,23:48,2.0,fast,23:44,23:50,231,0,1,1,17:09,6.651944444,0,27/1/2018,23,23,23
34,23:48,1.0,gaze,23:44,23:50,246,0,0,1,17:09,6.656111111,0,27/1/2018,23,23,23
35,23:48,9.0,pick,23:44,23:50,253,0,1,1,17:09,6.658055556,0,27/1/2018,23,23,23
36,23:50,6.0,pick,23:44,23:50,355,0,1,1,17:09,6.686388889,0,27/1/2018,23,23,23
37,04:20,11.0,pick,04:08,04:20,742,0,1,1,17:09,11.1975,0,28/1/2018,4,4,4
38,01:52,2.0,fast,01:50,01:55,115,0,1,1,16:46,9.108333333,0,1/1/2018,1,1,1
39,19:44,3.0,rat,19:41,19:45,195,1,0,1,17:13,2.522777778,0,31/1/2018,19,19,19
40,22:23,1.0,fast,22:20,22:24,168,0,1,1,17:13,5.168333333,0,31/1/2018,22,22,22
42,04:12,1.0,rat,04:07,04:15,306,1,0,1,16:53,11.32222222,0,10/1/2018,4,4,4
43,19:56,1.0,fast,19:56,20:10,9,0,1,1,17:10,2.770833333,0,28/1/2018,19,19,20
44,20:03,1.0,rat,19:56,20:10,456,1,0,1,17:10,2.895,0,28/1/2018,20,19,20
45,20:04,0.035319187,rat,19:56,20:10,528,1,0,1,17:10,2.915,0,28/1/2018,20,19,20
46,20:05,1.0,rat,19:56,20:10,534,1,0,1,17:10,2.916666667,0,28/1/2018,20,19,20
47,20:05,7.0,pick_rat,19:56,20:10,545,1,1,1,17:10,2.919722222,0,28/1/2018,20,19,20
48,20:05,1.0,fast,19:56,20:10,551,0,1,1,17:10,2.921388889,0,28/1/2018,20,19,20
49,20:05,0.034803066,fast,19:56,20:10,569,0,1,1,17:10,2.926388889,0,28/1/2018,20,19,20
50,20:05,1.0,rat,19:56,20:10,583,1,0,1,17:10,2.930277778,0,28/1/2018,20,19,20
51,20:05,1.0,fast,19:56,20:10,589,0,1,1,17:10,2.931944444,0,28/1/2018,20,19,20
52,20:06,2.0,fast,19:56,20:10,627,0,1,1,17:10,2.9425,0,28/1/2018,20,19,20
53,20:06,1.0,fast,19:56,20:10,631,0,1,1,17:10,2.943611111,0,28/1/2018,20,19,20
54,20:06,4.0,fast,19:56,20:10,642,0,1,1,17:10,2.946666667,0,28/1/2018,20,19,20
55,20:08,4.0,pick,19:56,20:10,720,0,1,1,17:10,2.968333333,0,28/1/2018,20,19,20
56,20:09,3.0,rat,19:56,20:10,824,1,0,1,17:10,2.997222222,0,28/1/2018,20,19,20
57,01:32,22.0,pick,01:29,01:33,225,0,1,1,17:10,8.381666667,0,29/1/2018,1,1,1
58,19:58,1.0,rat,19:56,20:10,162,1,0,1,17:10,2.813333333,0,28/1/2018,19,19,20
59,01:49,2.0,rat,01:47,01:50,151,1,0,2,17:30,8.333055556,0,20/2/2018,1,1,1
60,03:10,1.0,rat,03:10,03:11,17,1,0,2,17:30,9.676111111,0,20/2/2018,3,3,3
61,02:12,3.0,bat,02:10,02:13,116,1,0,2,17:30,8.713055556,0,20/2/2018,2,2,2
62,00:43,4.0,rat,00:43,00:45,22,1,0,2,17:21,7.375277778,0,10/2/2018,0,0,0
63,00:44,3.0,fast,00:43,00:45,96,0,1,2,17:21,7.395833333,0,10/2/2018,0,0,0
64,00:49,0.089216347,fast,00:49,00:51,18,0,1,2,17:21,7.471944444,0,10/2/2018,0,0,0
65,00:49,2.0,rat,00:49,00:51,56,1,0,2,17:21,7.4825,0,10/2/2018,0,0,0
66,00:50,0.041390374,fast,00:49,00:51,65,0,1,2,17:21,7.485,0,10/2/2018,0,0,0
67,00:50,0.090143902,rat,00:49,00:51,81,1,0,2,17:21,7.489444444,0,10/2/2018,0,0,0
68,00:50,20.0,both,00:49,00:51,102,0,0,2,17:21,7.495277778,0,10/2/2018,0,0,0
69,00:51,2.0,rat,00:49,00:51,149,1,0,2,17:21,7.508333333,0,10/2/2018,0,0,0
70,00:44,7.0,bat,00:43,00:45,61,1,0,2,17:21,7.386111111,0,10/2/2018,0,0,0
71,00:44,21.0,pick_bat,00:43,00:45,65,1,1,2,17:21,7.387222222,0,10/2/2018,0,0,0
72,00:44,4.0,pick,00:43,00:45,68,0,1,2,17:21,7.388055556,0,10/2/2018,0,0,0
73,00:44,2.0,pick,00:43,00:45,80,0,1,2,17:21,7.391388889,0,10/2/2018,0,0,0
75,18:32,1.0,rat,18:29,18:44,166,1,0,2,17:19,1.225277778,0,7/2/2018,18,18,18
76,22:58,14.0,pick,22:53,22:58,299,0,1,2,17:19,5.661944444,0,7/2/2018,22,22,22
77,01:47,8.0,rat attack,01:47,01:48,7,1,0,2,17:19,8.481666667,0,8/2/2018,1,1,1
78,01:52,1.0,fast,01:52,01:52,2,0,1,2,17:19,8.554722222,0,8/2/2018,1,1,1
79,02:06,6.0,rat,02:05,02:09,74,1,0,2,17:19,8.796944444,0,8/2/2018,2,2,2
80,02:06,1.0,rat,02:05,02:09,80,1,0,2,17:19,8.798611111,0,8/2/2018,2,2,2
81,02:07,7.0,rat,02:05,02:09,99,1,0,2,17:19,8.803888889,0,8/2/2018,2,2,2
82,02:07,4.0,rat,02:05,02:09,116,1,0,2,17:19,8.808611111,0,8/2/2018,2,2,2
83,02:08,4.0,rat,02:05,02:09,200,1,0,2,17:19,8.831944444,0,8/2/2018,2,2,2
84,03:41,0.035867953,rat,03:41,03:45,27,1,0,2,17:19,10.37444444,0,8/2/2018,3,3,3
85,00:43,2.0,fast,00:40,00:44,184,0,1,2,17:14,7.489722222,0,2/2/2018,0,0,0
86,00:44,1.0,rat,00:40,00:44,239,1,0,2,17:14,7.505,0,2/2/2018,0,0,0
87,00:06,3.0,fast,00:06,00:06,2,0,1,2,17:20,6.767222222,0,9/2/2018,0,0,0
88,00:11,1.0,rat,00:09,00:13,135,1,0,2,17:20,6.862222222,0,9/2/2018,0,0,0
89,00:26,17.0,pick,00:26,00:32,2,0,1,2,17:20,7.114722222,0,9/2/2018,0,0,0
90,00:29,1.0,rat,00:26,00:32,154,1,0,2,17:20,7.156944444,0,9/2/2018,0,0,0
91,03:31,1.0,rat,03:28,03:33,146,1,0,2,17:20,10.18444444,0,9/2/2018,3,3,3
92,03:32,21.0,rat,03:28,03:33,211,1,0,2,17:20,10.2025,0,9/2/2018,3,3,3
93,03:32,9.0,pick,03:28,03:33,246,0,1,2,17:20,10.21222222,0,9/2/2018,3,3,3
94,03:44,1.0,rat,03:43,03:45,77,1,0,2,17:24,10.34222222,0,13/2/2018,3,3,3
95,03:50,3.0,fast,03:49,03:50,59,0,1,2,17:24,10.435,0,13/2/2018,3,3,3
96,22:05,1.0,rat,22:04,22:12,89,1,0,2,17:26,4.659166667,0,14/2/2018,22,22,22
97,22:08,2.0,rat,22:04,22:12,259,1,0,2,17:26,4.706388889,0,14/2/2018,22,22,22
98,22:11,4.0,rat,22:04,22:12,470,1,0,2,17:26,4.765,0,14/2/2018,22,22,22
99,22:46,2.0,rat,22:43,22:52,187,1,0,2,17:26,5.341666667,0,14/2/2018,22,22,22
100,22:46,1.0,rat,22:43,22:52,204,1,0,2,17:26,5.346388889,0,14/2/2018,22,22,22
101,22:50,2.0,rat,22:43,22:52,420,1,0,2,17:26,5.406388889,0,14/2/2018,22,22,22
102,22:50,9.0,rat,22:43,22:52,434,1,0,2,17:26,5.410277778,0,14/2/2018,22,22,22
103,22:51,0.061201372,rat,22:43,22:52,512,1,0,2,17:26,5.431944444,0,14/2/2018,22,22,22
104,22:52,1.0,rat,22:43,22:52,518,1,0,2,17:26,5.433611111,0,14/2/2018,22,22,22
106,05:30,1.0,rat,05:26,05:34,225,1,0,2,17:25,12.09194444,0,14/2/2018,5,5,5
107,18:21,0.050105814,fast,18:20,18:28,54,0,1,2,17:26,0.9225,0,15/2/2018,18,18,18
108,19:31,1.0,fast,19:30,19:31,30,0,1,2,17:26,2.085833333,0,15/2/2018,19,19,19
109,19:31,0.085595674,attack_rat,19:30,19:31,71,1,0,2,17:26,2.097222222,0,15/2/2018,19,19,19
110,18:52,6.0,bat,18:49,18:55,179,1,0,2,17:26,1.440277778,0,15/2/2018,18,18,18
111,18:52,6.0,pick,18:49,18:55,201,0,1,2,17:26,1.446388889,0,15/2/2018,18,18,18
112,18:54,1.0,rat,18:49,18:55,321,1,0,2,17:26,1.479722222,0,15/2/2018,18,18,18
113,18:33,3.0,bat_and_rat,18:32,18:50,77,1,0,2,17:17,1.274722222,0,4/2/2018,18,18,18
118,18:30,4.0,rat,18:30,18:30,3,1,0,2,17:15,1.260555556,0,2/2/2018,18,18,18
122,22:18,2.0,rat,22:18,22:22,25,1,0,2,17:27,4.860277778,0,16/2/2018,22,22,22
123,22:21,16.0,rat,22:18,22:22,181,1,0,2,17:27,4.903611111,0,16/2/2018,22,22,22
124,22:21,2.0,rat,22:18,22:22,201,1,0,2,17:27,4.909166667,0,16/2/2018,22,22,22
125,22:21,1.0,fast,22:18,22:22,206,0,1,2,17:27,4.910555556,0,16/2/2018,22,22,22
126,22:22,0.07570842,rat_attack,22:18,22:22,250,1,0,2,17:27,4.922777778,0,16/2/2018,22,22,22
127,00:33,0.057540536,fast,00:31,00:34,157,0,1,2,17:29,7.078055556,0,19/2/2018,0,0,0
128,01:33,3.0,rat,01:33,01:33,6,1,0,2,17:29,8.078333333,0,19/2/2018,1,1,1
129,21:08,5.0,rat,21:04,21:11,222,1,0,2,17:22,3.771111111,0,10/2/2018,21,21,21
130,21:36,1.0,rat,21:35,21:36,68,1,0,2,17:22,4.236666667,0,10/2/2018,21,21,21
131,21:36,2.0,rat,21:35,21:36,75,1,0,2,17:22,4.238611111,0,10/2/2018,21,21,21
132,21:44,1.0,rat,21:44,21:51,6,1,0,2,17:22,4.368333333,0,10/2/2018,21,21,21
134,21:45,4.0,rat,21:44,21:51,92,1,0,2,17:22,4.392222222,0,10/2/2018,21,21,21
135,21:46,13.0,rat,21:44,21:51,137,1,0,2,17:22,4.404722222,0,10/2/2018,21,21,21
136,21:46,1.0,rat,21:44,21:51,155,1,0,2,17:22,4.409722222,0,10/2/2018,21,21,21
137,21:46,2.0,fast,21:44,21:51,158,0,1,2,17:22,4.410555556,0,10/2/2018,21,21,21
138,21:47,1.0,rat,21:44,21:51,224,1,0,2,17:22,4.428888889,0,10/2/2018,21,21,21
139,00:32,1.0,rat,00:31,00:33,35,1,0,2,17:22,7.1725,0,11/2/2018,0,0,0
140,01:09,5.0,pick,01:09,01:10,7,0,1,2,17:22,7.794722222,0,11/2/2018,1,1,1
141,01:54,0.04438061,rat,01:52,01:58,105,1,0,2,17:22,8.544444444,0,11/2/2018,1,1,1
142,01:55,3.0,rat,01:52,01:58,132,1,0,2,17:22,8.551944444,0,11/2/2018,1,1,1
143,01:56,1.0,fast,01:52,01:58,242,0,1,2,17:22,8.5825,0,11/2/2018,1,1,1
144,01:57,6.0,fast,01:52,01:58,269,0,1,2,17:22,8.59,0,11/2/2018,1,1,1
145,01:57,24.0,rat,01:52,01:58,286,1,0,2,17:22,8.594722222,0,11/2/2018,1,1,1
146,19:25,0.097399911,fast,19:24,19:25,13,0,1,2,17:22,2.05,0,10/2/2018,19,19,19
147,20:50,2.0,rat,20:49,20:51,20,1,0,2,17:28,3.370555556,0,17/2/2018,20,20,20
148,20:50,1.0,rat,20:49,20:51,35,1,0,2,17:28,3.374722222,0,17/2/2018,20,20,20
149,20:50,2.0,rat,20:49,20:51,42,1,0,2,17:28,3.376666667,0,17/2/2018,20,20,20
150,17:42,0.050211363,fast,17:40,17:43,139,0,1,2,17:28,0.247777778,0,17/2/2018,17,17,17
151,21:37,3.0,fast,21:37,21:40,2,0,1,3,17:50,3.795555556,1,18/3/2018,21,21,21
152,21:38,2.0,fast,21:37,21:40,73,0,1,3,17:50,3.815277778,1,18/3/2018,21,21,21
153,21:39,1.0,fast,21:37,21:40,105,0,1,3,17:50,3.824166667,1,18/3/2018,21,21,21
154,21:39,2.0,fast,21:37,21:40,130,0,1,3,17:50,3.831111111,1,18/3/2018,21,21,21
155,00:47,4.0,pick,00:46,00:55,71,0,1,3,18:57,5.849444444,1,29/3/2018,0,0,0
156,00:49,0.046019395,rat,00:46,00:55,192,1,0,3,18:57,5.883055556,1,29/3/2018,0,0,0
157,00:50,9.0,pick,00:46,00:55,220,0,1,3,18:57,5.890833333,1,29/3/2018,0,0,0
158,00:50,18.0,pick,00:46,00:55,239,0,1,3,18:57,5.896111111,1,29/3/2018,0,0,0
159,00:50,14.0,rat,00:46,00:55,250,1,0,3,18:57,5.899166667,1,29/3/2018,0,0,0
160,00:51,2.0,other_bats,00:46,00:55,264,1,0,3,18:57,5.903055556,1,29/3/2018,0,0,0
161,00:51,3.0,fast,00:46,00:55,265,0,1,3,18:57,5.903333333,1,29/3/2018,0,0,0
162,00:51,12.0,rat,00:46,00:55,279,1,0,3,18:57,5.907222222,1,29/3/2018,0,0,0
163,00:51,15.0,pick,00:46,00:55,295,0,1,3,18:57,5.911666667,1,29/3/2018,0,0,0
164,00:53,2.0,fast,00:46,00:55,426,0,1,3,18:57,5.948055556,1,29/3/2018,0,0,0
166,00:55,11.0,rat,00:46,00:55,507,1,0,3,18:57,5.970555556,1,29/3/2018,0,0,0
167,02:20,0.013008356,fast,02:19,02:25,29,0,1,3,18:57,7.385833333,1,29/3/2018,2,2,2
168,02:21,2.0,fast,02:19,02:25,135,0,1,3,18:57,7.415277778,1,29/3/2018,2,2,2
169,02:22,2.0,rat,02:19,02:25,188,1,0,3,18:57,7.43,1,29/3/2018,2,2,2
170,02:25,0.028276798,rat,02:19,02:25,329,1,0,3,18:57,7.469166667,1,29/3/2018,2,2,2
171,02:11,4.0,rat_pick,02:11,02:11,46,1,1,3,17:51,8.347222222,1,20/3/2018,2,2,2
172,03:17,2.0,fast,03:15,03:17,108,0,1,3,17:51,9.436944444,1,20/3/2018,3,3,3
173,00:28,25.0,other_bats,00:20,00:28,517,1,0,3,18:59,5.497777778,1,31/3/2018,0,0,0
174,01:57,3.0,fast,01:48,01:58,537,0,1,3,18:59,6.976944444,1,31/3/2018,1,1,1
176,01:58,0.064154735,fast,01:48,01:58,572,0,1,3,18:59,6.986666667,1,31/3/2018,1,1,1
177,22:04,10.0,rat,21:58,22:09,381,1,0,4,19:01,3.06,1,2/4/2018,22,21,22
178,22:05,8.0,rat_and_bat,21:58,22:09,436,1,0,4,19:01,3.075277778,1,2/4/2018,22,21,22
179,22:05,2.0,fast,21:58,22:09,450,0,1,4,19:01,3.079166667,1,2/4/2018,22,21,22
180,22:05,6.0,rat_and_bat,21:58,22:09,455,1,0,4,19:01,3.080555556,1,2/4/2018,22,21,22
181,22:06,2.0,bowl_out,21:58,22:09,477,0,0,4,19:01,3.086666667,1,2/4/2018,22,21,22
182,22:07,0.030293066,fast,21:58,22:09,558,0,1,4,19:01,3.109166667,1,2/4/2018,22,21,22
183,22:09,7.0,rat,21:58,22:09,662,1,0,4,19:01,3.138055556,1,2/4/2018,22,21,22
184,22:09,6.0,rat,21:58,22:09,673,1,0,4,19:01,3.141111111,1,2/4/2018,22,21,22
185,22:09,18.0,pick,21:58,22:09,668,0,1,4,19:01,3.139722222,1,2/4/2018,22,21,22
186,22:09,17.0,rat_and_bat,21:58,22:09,695,1,0,4,19:01,3.147222222,1,2/4/2018,22,21,22
187,23:12,1.0,fast,23:10,23:18,128,0,1,4,19:01,4.189444444,1,2/4/2018,23,23,23
188,23:16,6.0,pick,23:10,23:18,381,0,1,4,19:01,4.259722222,1,2/4/2018,23,23,23
189,23:43,2.0,fast,23:42,23:48,80,0,1,4,19:01,4.708055556,1,2/4/2018,23,23,23
190,23:45,1.0,fast,23:42,23:48,177,0,1,4,19:01,4.735,1,2/4/2018,23,23,23
191,23:45,11.0,other_bat,23:42,23:48,223,1,0,4,19:01,4.747777778,1,2/4/2018,23,23,23
192,23:46,3.0,fast,23:42,23:48,234,0,1,4,19:01,4.750833333,1,2/4/2018,23,23,23
193,23:46,25.0,pick,23:42,23:48,239,0,1,4,19:01,4.752222222,1,2/4/2018,23,23,23
194,23:46,6.0,other_bats,23:42,23:48,238,1,0,4,19:01,4.751944444,1,2/4/2018,23,23,23
195,23:46,3.0,rat,23:42,23:48,262,1,0,4,19:01,4.758611111,1,2/4/2018,23,23,23
196,23:46,11.0,rat,23:42,23:48,287,1,0,4,19:01,4.765555556,1,2/4/2018,23,23,23
197,23:48,15.0,pick,23:42,23:48,355,0,1,4,19:01,4.784444444,1,2/4/2018,23,23,23
198,23:48,6.0,other_bats,23:42,23:48,360,1,0,4,19:01,4.785833333,1,2/4/2018,23,23,23
199,01:01,0.069936967,fast,01:00,01:21,53,0,1,4,19:01,6.003888889,1,3/4/2018,1,1,1
200,01:01,1.0,fast,01:00,01:21,82,0,1,4,19:01,6.011944444,1,3/4/2018,1,1,1
201,01:01,1.0,fast,01:00,01:21,98,0,1,4,19:01,6.016388889,1,3/4/2018,1,1,1
202,01:02,4.0,pick,01:00,01:21,101,0,1,4,19:01,6.017222222,1,3/4/2018,1,1,1
203,01:02,0.036982956,rat,01:00,01:21,112,1,0,4,19:01,6.020277778,1,3/4/2018,1,1,1
204,01:02,1.0,rat,01:00,01:21,120,1,0,4,19:01,6.0225,1,3/4/2018,1,1,1
205,01:02,2.0,fast,01:00,01:21,128,0,1,4,19:01,6.024722222,1,3/4/2018,1,1,1
206,01:03,4.0,fast,01:00,01:21,180,0,1,4,19:01,6.039166667,1,3/4/2018,1,1,1
207,01:04,3.0,rat,01:00,01:21,232,1,0,4,19:01,6.053611111,1,3/4/2018,1,1,1
209,01:06,19.0,other,01:00,01:21,353,1,0,4,19:01,6.087222222,1,3/4/2018,1,1,1
210,01:07,3.0,fast,01:00,01:21,435,0,1,4,19:01,6.11,1,3/4/2018,1,1,1
211,01:10,6.0,fast,01:00,01:21,612,0,1,4,19:01,6.159166667,1,3/4/2018,1,1,1
212,01:12,1.0,fast,01:00,01:21,708,0,1,4,19:01,6.185833333,1,3/4/2018,1,1,1
213,01:13,9.0,rat,01:00,01:21,777,1,0,4,19:01,6.205,1,3/4/2018,1,1,1
214,01:13,23.0,rat,01:00,01:21,806,1,0,4,19:01,6.213055556,1,3/4/2018,1,1,1
217,21:22,3.0,fast,21:21,21:32,90,0,1,4,19:01,2.358611111,1,3/4/2018,21,21,21
218,21:27,3.0,fast,21:21,21:32,376,0,1,4,19:01,2.438055556,1,3/4/2018,21,21,21
219,21:28,2.0,fast,21:21,21:32,452,0,1,4,19:01,2.459166667,1,3/4/2018,21,21,21
220,23:24,2.0,fast,23:24,23:40,12,0,1,4,19:01,4.395833333,1,3/4/2018,23,23,23
221,23:25,9.0,rat,23:24,23:40,31,1,0,4,19:01,4.401111111,1,3/4/2018,23,23,23
222,23:25,4.0,fast,23:24,23:40,58,0,1,4,19:01,4.408611111,1,3/4/2018,23,23,23
223,23:27,5.0,rat,23:24,23:40,187,1,0,4,19:01,4.444444444,1,3/4/2018,23,23,23
224,23:27,4.0,rat,23:24,23:40,197,1,0,4,19:01,4.447222222,1,3/4/2018,23,23,23
225,23:28,1.0,fast,23:24,23:40,224,0,1,4,19:01,4.454722222,1,3/4/2018,23,23,23
227,23:29,3.0,fast,23:24,23:40,312,0,1,4,19:01,4.479166667,1,3/4/2018,23,23,23
228,23:31,0.010238211,rat_to_bat,23:24,23:40,402,1,0,4,19:01,4.504166667,1,3/4/2018,23,23,23
229,23:34,2.0,fast,23:24,23:40,597,0,1,4,19:01,4.558333333,1,3/4/2018,23,23,23
230,23:40,2.0,rat,23:24,23:40,949,1,0,4,19:01,4.656111111,1,3/4/2018,23,23,23
231,00:48,3.0,rat,00:48,00:58,12,1,0,4,19:01,5.788055556,1,4/4/2018,0,0,0
232,00:48,4.0,fast,00:48,00:58,25,0,1,4,19:01,5.791666667,1,4/4/2018,0,0,0
233,00:49,22.0,other_bats/rat,00:48,00:58,59,1,0,4,19:01,5.801111111,1,4/4/2018,0,0,0
235,00:49,2.0,fast,00:48,00:58,97,0,1,4,19:01,5.811666667,1,4/4/2018,0,0,0
236,00:49,2.0,fast,00:48,00:58,112,0,1,4,19:01,5.815833333,1,4/4/2018,0,0,0
238,00:51,4.0,fast,00:48,00:58,217,0,1,4,19:01,5.845,1,4/4/2018,0,0,0
239,00:54,1.0,rat,00:48,00:58,357,1,0,4,19:01,5.883888889,1,4/4/2018,0,0,0
240,00:55,14.0,rat,00:48,00:58,418,1,0,4,19:01,5.900833333,1,4/4/2018,0,0,0
241,00:58,1.0,fast,00:48,00:58,624,0,1,4,19:01,5.958055556,1,4/4/2018,0,0,0
245,21:25,6.0,rat,21:24,21:26,22,1,0,4,19:17,2.135833333,1,26/4/2018,21,21,21
246,21:25,2.0,bat_and_rat,21:24,21:26,29,1,0,4,19:17,2.137777778,1,26/4/2018,21,21,21
247,21:25,8.0,bat_and_pick,21:24,21:26,45,1,1,4,19:17,2.142222222,1,26/4/2018,21,21,21
248,21:25,5.0,bat_and_rat,21:24,21:26,66,1,0,4,19:17,2.148055556,1,26/4/2018,21,21,21
249,21:26,2.0,bat_fight,21:24,21:26,76,1,0,4,19:17,2.150833333,1,26/4/2018,21,21,21
250,21:26,15.0,bat_fight,21:24,21:26,88,1,0,4,19:17,2.154166667,1,26/4/2018,21,21,21
251,21:26,4.0,bat_fight_and_pick,21:24,21:26,101,1,1,4,19:17,2.157777778,1,26/4/2018,21,21,21
252,22:25,15.0,bat,22:25,22:36,16,1,0,4,19:17,3.148055556,1,26/4/2018,22,22,22
253,22:26,18.0,bat_and_pick,22:25,22:36,33,1,1,4,19:17,3.152777778,1,26/4/2018,22,22,22
254,22:26,3.0,pick,22:25,22:36,65,0,1,4,19:17,3.161666667,1,26/4/2018,22,22,22
255,22:26,13.0,bat_and_pick,22:25,22:36,81,1,1,4,19:17,3.166111111,1,26/4/2018,22,22,22
256,22:26,14.0,bat_and_pick,22:25,22:36,81,1,1,4,19:17,3.166111111,1,26/4/2018,22,22,22
257,22:27,10.0,bat_and_pick,22:25,22:36,92,1,1,4,19:17,3.169166667,1,26/4/2018,22,22,22
259,22:27,7.0,bat_and_rat,22:25,22:36,126,1,0,4,19:17,3.178611111,1,26/4/2018,22,22,22
260,22:28,3.0,pick,22:25,22:36,202,0,1,4,19:17,3.199722222,1,26/4/2018,22,22,22
261,22:29,1.0,fast,22:25,22:36,215,0,1,4,19:17,3.203333333,1,26/4/2018,22,22,22
262,22:30,23.0,bat,22:25,22:36,274,1,0,4,19:17,3.219722222,1,26/4/2018,22,22,22
265,22:30,4.0,pick,22:25,22:36,318,0,1,4,19:17,3.231944444,1,26/4/2018,22,22,22
266,22:30,5.0,pick_and_bat,22:25,22:36,322,1,1,4,19:17,3.233055556,1,26/4/2018,22,22,22
267,22:31,3.0,fast,22:25,22:36,326,0,1,4,19:17,3.234166667,1,26/4/2018,22,22,22
268,22:31,2.0,fast,22:25,22:36,340,0,1,4,19:17,3.238055556,1,26/4/2018,22,22,22
270,22:32,3.0,fast,22:25,22:36,392,0,1,4,19:17,3.2525,1,26/4/2018,22,22,22
275,22:35,2.0,bat_fight,22:25,22:36,594,1,0,4,19:17,3.308611111,1,26/4/2018,22,22,22
276,22:35,2.0,bat_figiht,22:25,22:36,602,1,0,4,19:17,3.310833333,1,26/4/2018,22,22,22
277,22:35,1.0,rat,22:25,22:36,613,1,0,4,19:17,3.313888889,1,26/4/2018,22,22,22
278,22:36,18.0,pick_and_others,22:25,22:36,635,1,1,4,19:17,3.32,1,26/4/2018,22,22,22
279,23:05,0.028315379,fast,23:04,23:09,22,0,1,4,19:17,3.805,1,26/4/2018,23,23,23
280,23:05,6.0,pick_and_bat,23:04,23:09,37,1,1,4,19:17,3.809166667,1,26/4/2018,23,23,23
281,23:05,9.0,bat,23:04,23:09,46,1,0,4,19:17,3.811666667,1,26/4/2018,23,23,23
282,23:06,2.0,fast,23:04,23:09,87,0,1,4,19:17,3.823055556,1,26/4/2018,23,23,23
283,23:06,8.0,pick,23:04,23:09,96,0,1,4,19:17,3.825555556,1,26/4/2018,23,23,23
284,23:06,6.0,pick,23:04,23:09,110,0,1,4,19:17,3.829444444,1,26/4/2018,23,23,23
285,23:09,6.0,pick,23:04,23:09,273,0,1,4,19:17,3.874722222,1,26/4/2018,23,23,23
286,23:09,0.039556377,fast,23:04,23:09,283,0,1,4,19:17,3.8775,1,26/4/2018,23,23,23
287,00:24,7.0,bat_pick_rat,00:24,00:28,10,1,1,4,19:17,5.126111111,1,27/4/2018,0,0,0
288,00:25,4.0,fast,00:24,00:28,65,0,1,4,19:17,5.141388889,1,27/4/2018,0,0,0
289,00:25,0.02018894,rat,00:24,00:28,72,1,0,4,19:17,5.143333333,1,27/4/2018,0,0,0
292,00:26,13.0,bat_and_pick,00:24,00:28,138,1,1,4,19:17,5.161666667,1,27/4/2018,0,0,0
293,00:27,12.0,bat_and_pick,00:24,00:28,164,1,1,4,19:17,5.168888889,1,27/4/2018,0,0,0
294,00:27,20.0,bat_and_pick,00:24,00:28,183,1,1,4,19:17,5.174166667,1,27/4/2018,0,0,0
295,00:27,9.0,bat_and_pick,00:24,00:28,187,1,1,4,19:17,5.175277778,1,27/4/2018,0,0,0
296,00:27,21.0,bat_and_pick,00:24,00:28,199,1,1,4,19:17,5.178611111,1,27/4/2018,0,0,0
297,00:28,1.0,rat,00:24,00:28,226,1,0,4,19:17,5.186111111,1,27/4/2018,0,0,0
298,00:28,6.0,pick,00:24,00:28,231,0,1,4,19:17,5.1875,1,27/4/2018,0,0,0
299,01:19,15.0,bat_and_pick,01:18,01:22,76,1,1,4,19:17,6.04,1,27/4/2018,1,1,1
300,01:19,3.0,bat_fight,01:18,01:22,85,1,0,4,19:17,6.0425,1,27/4/2018,1,1,1
301,01:20,8.0,pick,01:18,01:22,119,0,1,4,19:17,6.051944444,1,27/4/2018,1,1,1
302,01:20,10.0,pick,01:18,01:22,126,0,1,4,19:17,6.053888889,1,27/4/2018,1,1,1
303,01:20,15.0,pick,01:18,01:22,142,0,1,4,19:17,6.058333333,1,27/4/2018,1,1,1
304,01:21,26.0,pick_and_all,01:18,01:22,223,1,1,4,19:17,6.080833333,1,27/4/2018,1,1,1
306,02:10,0.050962883,rat_and_bat,02:10,02:20,7,1,0,4,19:17,6.899722222,1,27/4/2018,2,2,2
307,02:11,5.0,pick,02:10,02:20,47,0,1,4,19:17,6.910833333,1,27/4/2018,2,2,2
308,02:13,3.0,fast,02:10,02:20,140,0,1,4,19:17,6.936666667,1,27/4/2018,2,2,2
309,02:14,13.0,pick,02:10,02:20,246,0,1,4,19:17,6.966111111,1,27/4/2018,2,2,2
310,02:16,3.0,rat,02:10,02:20,318,1,0,4,19:17,6.986111111,1,27/4/2018,2,2,2
311,02:16,0.09619989,rat_pick_and_bat,02:10,02:20,366,1,1,4,19:17,6.999444444,1,27/4/2018,2,2,2
312,02:17,0.063771569,rat,02:10,02:20,368,1,0,4,19:17,7.0,1,27/4/2018,2,2,2
313,02:19,0.081091814,pick,02:10,02:20,537,0,1,4,19:17,7.046944444,1,27/4/2018,2,2,2
314,02:39,2.0,fast,02:38,02:58,62,0,1,4,19:17,7.379722222,1,27/4/2018,2,2,2
316,02:49,2.0,fast,02:38,02:58,660,0,1,4,19:17,7.545833333,1,27/4/2018,2,2,2
318,02:51,0.032779517,fast,02:38,02:58,784,0,1,4,19:17,7.580277778,1,27/4/2018,2,2,2
319,02:52,10.0,pick,02:38,02:58,811,0,1,4,19:17,7.587777778,1,27/4/2018,2,2,2
320,02:52,22.0,pick,02:38,02:58,825,0,1,4,19:17,7.591666667,1,27/4/2018,2,2,2
321,02:53,0.068238813,pick_and_bat,02:38,02:58,857,1,1,4,19:17,7.600555556,1,27/4/2018,2,2,2
322,02:53,11.0,pick_and_bat,02:38,02:58,908,1,1,4,19:17,7.614722222,1,27/4/2018,2,2,2
323,03:01,1.0,fast,03:01,03:02,17,0,1,4,19:17,7.741666667,1,27/4/2018,3,3,3
324,03:01,2.0,fast,03:01,03:02,22,0,1,4,19:17,7.743055556,1,27/4/2018,3,3,3
325,03:23,0.042707344,rat_and_bat,03:22,03:25,17,1,0,4,19:17,8.101388889,1,27/4/2018,3,3,3
326,03:23,13.0,pick,03:22,03:25,20,0,1,4,19:17,8.102222222,1,27/4/2018,3,3,3
327,03:23,0.043905767,bat_and_rat,03:22,03:25,33,1,0,4,19:17,8.105833333,1,27/4/2018,3,3,3
328,03:24,1.0,fast,03:22,03:25,99,0,1,4,19:17,8.124166667,1,27/4/2018,3,3,3
329,03:25,0.076705397,rat,03:22,03:25,142,1,0,4,19:17,8.136111111,1,27/4/2018,3,3,3
330,03:43,0.040958086,fast,03:43,03:46,38,0,1,4,19:17,8.446388889,1,27/4/2018,3,3,3
331,03:45,0.056999457,bat_and_rat,03:43,03:46,159,1,0,4,19:17,8.48,1,27/4/2018,3,3,3
332,03:45,0.099530937,bat,03:43,03:46,160,1,0,4,19:17,8.480277778,1,27/4/2018,3,3,3
333,03:45,0.014419381,bat,03:43,03:46,168,1,0,4,19:17,8.4825,1,27/4/2018,3,3,3
334,04:01,3.0,pick,03:59,04:01,106,0,1,4,19:17,8.736111111,1,27/4/2018,4,3,4
335,04:12,5.0,pick,04:11,04:16,106,0,1,4,19:17,8.931666667,1,27/4/2018,4,4,4
336,04:36,0.040564984,pick_and_rat,04:28,04:44,445,1,1,4,19:17,9.323055556,1,27/4/2018,4,4,4
337,22:28,16.0,bat_and_pick,22:25,22:36,183,1,1,4,19:17,3.194444444,1,26/4/2018,22,22,22
339,23:05,0.044489486,fast,23:04,23:09,26,0,1,4,19:17,3.806111111,1,26/4/2018,23,23,23
340,23:05,2.0,fight_rat,23:04,23:09,34,1,0,4,19:17,3.808333333,1,26/4/2018,23,23,23
342,02:48,1.0,fast,02:38,02:58,570,0,1,4,19:17,7.520833333,1,27/4/2018,2,2,2
343,03:25,3.0,fast,03:22,03:25,140,0,1,4,19:17,8.135555556,1,27/4/2018,3,3,3
344,03:45,22.0,no_food,03:43,03:46,166,0,0,4,19:17,8.481944444,1,27/4/2018,3,3,3
345,19:25,0.051207358,fast,19:23,19:33,75,0,1,4,19:12,0.217222222,1,19/4/2018,19,19,19
346,19:26,1.0,fast,19:23,19:33,167,0,1,4,19:12,0.242777778,1,19/4/2018,19,19,19
347,19:27,1.0,fast,19:23,19:33,230,0,1,4,19:12,0.260277778,1,19/4/2018,19,19,19
348,19:32,5.0,rat,19:23,19:33,547,1,0,4,19:12,0.348333333,1,19/4/2018,19,19,19
349,21:33,0.039785341,rat,21:29,21:39,220,1,0,4,19:12,2.360555556,1,19/4/2018,21,21,21
351,21:38,3.0,pick,21:29,21:39,487,0,1,4,19:12,2.434722222,1,19/4/2018,21,21,21
352,21:38,2.0,rat,21:29,21:39,493,1,0,4,19:12,2.436388889,1,19/4/2018,21,21,21
353,22:34,4.0,rat,22:34,22:43,22,1,0,4,19:12,3.381944444,1,19/4/2018,22,22,22
355,22:42,1.0,rat,22:34,22:43,472,1,0,4,19:12,3.506944444,1,19/4/2018,22,22,22
356,00:03,12.0,pick,00:00,00:18,185,0,1,4,19:12,4.857222222,1,20/4/2018,0,0,0
358,00:03,14.0,rat,00:00,00:18,207,1,0,4,19:12,4.863333333,1,20/4/2018,0,0,0
359,00:04,5.0,rat,00:00,00:18,235,1,0,4,19:12,4.871111111,1,20/4/2018,0,0,0
360,00:04,0.016181067,rat,00:00,00:18,262,1,0,4,19:12,4.878611111,1,20/4/2018,0,0,0
362,00:05,3.0,rat_and_bat,00:00,00:18,320,1,0,4,19:12,4.894722222,1,20/4/2018,0,0,0
363,00:06,18.0,rat_and_bat,00:00,00:18,341,1,0,4,19:12,4.900555556,1,20/4/2018,0,0,0
364,00:08,11.0,rat,00:00,00:18,508,1,0,4,19:12,4.946944444,1,20/4/2018,0,0,0
365,00:10,1.0,fast,00:00,00:18,579,0,1,4,19:12,4.966666667,1,20/4/2018,0,0,0
366,00:11,0.093784466,fast,00:00,00:18,673,0,1,4,19:12,4.992777778,1,20/4/2018,0,0,0
367,00:11,0.019265878,fast,00:00,00:18,697,0,1,4,19:12,4.999444444,1,20/4/2018,0,0,0
368,00:12,1.0,fast,00:00,00:18,711,0,1,4,19:12,5.003333333,1,20/4/2018,0,0,0
369,00:13,6.0,fast,00:00,00:18,809,0,1,4,19:12,5.030555556,1,20/4/2018,0,0,0
370,00:14,10.0,rat,00:00,00:18,825,1,0,4,19:12,5.035,1,20/4/2018,0,0,0
371,00:14,0.058920205,fast,00:00,00:18,863,0,1,4,19:12,5.045555556,1,20/4/2018,0,0,0
372,02:00,0.024862202,fast,01:59,02:03,39,0,1,4,19:12,6.802777778,1,20/4/2018,2,1,2
373,02:00,1.0,fast,01:59,02:03,41,0,1,4,19:12,6.803333333,1,20/4/2018,2,1,2
374,02:00,10.0,rat,01:59,02:03,65,1,0,4,19:12,6.81,1,20/4/2018,2,1,2
375,02:00,1.0,fast,01:59,02:03,84,0,1,4,19:12,6.815277778,1,20/4/2018,2,1,2
376,02:01,1.0,fast,01:59,02:03,122,0,1,4,19:12,6.825833333,1,20/4/2018,2,1,2
377,02:01,0.014004332,fast,01:59,02:03,141,0,1,4,19:12,6.831111111,1,20/4/2018,2,1,2
378,02:02,7.0,rat,01:59,02:03,164,1,0,4,19:12,6.8375,1,20/4/2018,2,1,2
379,02:03,7.0,pick,01:59,02:03,216,0,1,4,19:12,6.851944444,1,20/4/2018,2,1,2
380,02:48,3.0,rat,02:44,02:51,210,1,0,4,19:12,7.604166667,1,20/4/2018,2,2,2
381,02:48,6.0,rat,02:44,02:51,235,1,0,4,19:12,7.611111111,1,20/4/2018,2,2,2
383,02:49,4.0,pick,02:44,02:51,269,0,1,4,19:12,7.620555556,1,20/4/2018,2,2,2
384,02:49,5.0,pick,02:44,02:51,303,0,1,4,19:12,7.63,1,20/4/2018,2,2,2
386,03:27,4.0,fast,03:24,03:36,180,0,1,4,19:12,8.251666667,1,20/4/2018,3,3,3
387,03:31,4.0,fast,03:24,03:36,467,0,1,4,19:12,8.331388889,1,20/4/2018,3,3,3
388,03:32,10.0,pick,03:24,03:36,512,0,1,4,19:12,8.343888889,1,20/4/2018,3,3,3
389,03:32,10.0,rat,03:24,03:36,521,1,0,4,19:12,8.346388889,1,20/4/2018,3,3,3
390,03:33,2.0,fast,03:24,03:36,547,0,1,4,19:12,8.353611111,1,20/4/2018,3,3,3
391,03:33,1.0,fast,03:24,03:36,573,0,1,4,19:12,8.360833333,1,20/4/2018,3,3,3
392,03:33,3.0,fast,03:24,03:36,591,0,1,4,19:12,8.365833333,1,20/4/2018,3,3,3
393,03:34,3.0,pick,03:24,03:36,621,0,1,4,19:12,8.374166667,1,20/4/2018,3,3,3
395,03:57,3.0,fast,03:51,04:01,330,0,1,4,19:12,8.756111111,1,20/4/2018,3,3,4
396,03:59,0.068554286,fast,03:51,04:01,487,0,1,4,19:12,8.799722222,1,20/4/2018,3,3,4
397,04:00,3.0,pick,03:51,04:01,522,0,1,4,19:12,8.809444444,1,20/4/2018,4,3,4
398,19:30,4.0,rat,19:30,19:35,24,1,0,4,19:14,0.276944444,1,21/4/2018,19,19,19
399,19:58,1.0,fast,19:57,20:06,17,0,1,4,19:14,0.736388889,1,21/4/2018,19,19,20
400,19:59,20.0,pick_and_others,19:57,20:06,108,1,1,4,19:14,0.761666667,1,21/4/2018,19,19,20
401,20:00,9.0,rat,19:57,20:06,130,1,0,4,19:14,0.767777778,1,21/4/2018,20,19,20
403,22:57,1.0,fast,22:57,22:59,7,0,1,4,19:14,3.726666667,1,21/4/2018,22,22,22
404,22:57,25.0,pick,22:57,22:59,22,0,1,4,19:14,3.730833333,1,21/4/2018,22,22,22
405,22:58,14.0,pick_and_others,22:57,22:59,88,1,1,4,19:14,3.749166667,1,21/4/2018,22,22,22
406,22:59,8.0,bat,22:57,22:59,97,1,0,4,19:14,3.751666667,1,21/4/2018,22,22,22
407,22:59,6.0,pick,22:57,22:59,102,0,1,4,19:14,3.753055556,1,21/4/2018,22,22,22
408,23:52,26.0,pick_and_others,23:50,23:56,112,1,1,4,19:14,4.640833333,1,21/4/2018,23,23,23
409,23:52,6.0,pick,23:50,23:56,126,0,1,4,19:14,4.644722222,1,21/4/2018,23,23,23
410,23:53,24.0,pick_and_bat,23:50,23:56,196,1,1,4,19:14,4.664166667,1,21/4/2018,23,23,23
411,23:54,1.0,fast,23:50,23:56,258,0,1,4,19:14,4.681388889,1,21/4/2018,23,23,23
412,23:55,19.0,fast,23:50,23:56,287,0,1,4,19:14,4.689444444,1,21/4/2018,23,23,23
413,01:25,3.0,fast,01:25,01:26,0,0,1,4,19:14,6.1875,1,22/4/2018,1,1,1
414,01:25,6.0,pick,01:25,01:26,14,0,1,4,19:14,6.191388889,1,22/4/2018,1,1,1
415,01:26,1.0,fast,01:25,01:26,48,0,1,4,19:14,6.200833333,1,22/4/2018,1,1,1
416,01:49,7.0,bats,01:48,01:50,28,1,0,4,19:14,6.583333333,1,22/4/2018,1,1,1
417,01:49,1.0,pick,01:48,01:50,59,0,1,4,19:14,6.591944444,1,22/4/2018,1,1,1
418,01:50,16.0,bats,01:48,01:50,109,1,0,4,19:14,6.605833333,1,22/4/2018,1,1,1
419,02:13,11.0,pick,02:13,02:17,23,0,1,4,19:14,6.989722222,1,22/4/2018,2,2,2
420,02:15,18.0,pick,02:13,02:17,141,0,1,4,19:14,7.0225,1,22/4/2018,2,2,2
421,02:16,2.0,pick,02:13,02:17,191,0,1,4,19:14,7.036388889,1,22/4/2018,2,2,2
422,03:36,2.0,fast,03:31,03:44,309,0,1,4,19:14,8.379722222,1,22/4/2018,3,3,3
423,03:39,1.0,fast,03:31,03:44,482,0,1,4,19:14,8.427777778,1,22/4/2018,3,3,3
424,03:39,7.0,pick,03:31,03:44,501,0,1,4,19:14,8.433055556,1,22/4/2018,3,3,3
425,03:42,6.0,pick,03:31,03:44,659,0,1,4,19:14,8.476944444,1,22/4/2018,3,3,3
426,03:43,5.0,fast,03:31,03:44,707,0,1,4,19:14,8.490277778,1,22/4/2018,3,3,3
427,03:43,2.0,fast,03:31,03:44,722,0,1,4,19:14,8.494444444,1,22/4/2018,3,3,3
428,03:43,23.0,bat_and_rat,03:31,03:44,734,1,0,4,19:14,8.497777778,1,22/4/2018,3,3,3
429,03:44,13.0,pick_and_rat,03:31,03:44,769,1,1,4,19:14,8.5075,1,22/4/2018,3,3,3
431,05:27,2.0,fast,05:21,05:55,372,0,1,4,19:14,10.23305556,1,22/4/2018,5,5,5
432,05:19,1.0,fast,05:15,05:25,263,0,1,4,19:11,10.14944444,1,18/4/2018,5,5,5
433,19:08,0.025345863,fast,19:08,19:16,2,0,1,4,19:19,-0.169166667,1,28/4/2018,19,19,19
434,19:10,0.096196,fast,19:08,19:16,76,0,1,4,19:19,-0.148611111,1,28/4/2018,19,19,19
435,19:10,0.063701466,pick,19:08,19:16,91,0,1,4,19:19,-0.144444444,1,28/4/2018,19,19,19
436,20:39,0.094784549,fast,20:37,20:44,105,0,1,4,19:19,1.341944444,1,28/4/2018,20,20,20
437,20:40,0.076254237,others,20:37,20:44,166,1,0,4,19:19,1.358888889,1,28/4/2018,20,20,20
438,20:44,0.014184241,rat,20:37,20:44,383,1,0,4,19:19,1.419166667,1,28/4/2018,20,20,20
439,21:30,9.0,rat,21:30,21:31,0,1,0,4,19:19,2.198055556,1,28/4/2018,21,21,21
440,21:31,28.0,rat_and_pick,21:30,21:31,46,1,1,4,19:19,2.210833333,1,28/4/2018,21,21,21
441,23:02,1.0,fast,23:01,23:12,85,0,1,4,19:19,3.725555556,1,28/4/2018,23,23,23
442,23:04,5.0,fast,23:01,23:12,188,0,1,4,19:19,3.754166667,1,28/4/2018,23,23,23
443,23:21,0.047647063,bat_fight,23:21,23:24,0,1,0,4,19:19,4.036944444,1,28/4/2018,23,23,23
444,23:22,0.090449811,rat,23:21,23:24,63,1,0,4,19:19,4.054444444,1,28/4/2018,23,23,23
445,23:23,3.0,fast,23:21,23:24,139,0,1,4,19:19,4.075555556,1,28/4/2018,23,23,23
446,23:24,14.0,pick,23:21,23:24,171,0,1,4,19:19,4.084444444,1,28/4/2018,23,23,23
447,00:22,17.0,rat,00:22,00:27,28,1,0,4,19:19,5.060833333,1,29/4/2018,0,0,0
448,00:23,20.0,rat,00:22,00:27,82,1,0,4,19:19,5.075833333,1,29/4/2018,0,0,0
449,00:25,0.099179779,rat,00:22,00:27,206,1,0,4,19:19,5.110277778,1,29/4/2018,0,0,0
450,00:27,11.0,pick,00:22,00:27,309,0,1,4,19:19,5.138888889,1,29/4/2018,0,0,0
451,00:55,2.0,fast,00:55,00:56,8,0,1,4,19:19,5.611111111,1,29/4/2018,0,0,0
452,00:55,0.043720185,rat,00:55,00:56,11,1,0,4,19:19,5.611944444,1,29/4/2018,0,0,0
455,01:03,2.0,rat,01:02,01:06,47,1,0,4,19:19,5.735277778,1,29/4/2018,1,1,1
456,01:03,6.0,rat,01:02,01:06,66,1,0,4,19:19,5.740555556,1,29/4/2018,1,1,1
457,01:03,5.0,rat_and_bat,01:02,01:06,78,1,0,4,19:19,5.743888889,1,29/4/2018,1,1,1
458,01:03,3.0,fast,01:02,01:06,87,0,1,4,19:19,5.746388889,1,29/4/2018,1,1,1
459,01:04,0.069546705,rat,01:02,01:06,132,1,0,4,19:19,5.758888889,1,29/4/2018,1,1,1
460,01:04,0.035887407,bat,01:02,01:06,143,1,0,4,19:19,5.761944444,1,29/4/2018,1,1,1
461,01:05,5.0,pick,01:02,01:06,172,0,1,4,19:19,5.77,1,29/4/2018,1,1,1
462,01:05,6.0,fast,01:02,01:06,182,0,1,4,19:19,5.772777778,1,29/4/2018,1,1,1
463,01:05,0.087634798,fast,01:02,01:06,206,0,1,4,19:19,5.779444444,1,29/4/2018,1,1,1
464,01:05,3.0,fast,01:02,01:06,211,0,1,4,19:19,5.780833333,1,29/4/2018,1,1,1
465,01:20,0.038141769,pick,01:19,01:24,5,0,1,4,19:19,6.0175,1,29/4/2018,1,1,1
466,01:20,0.09694048,bat_and_pick_far,01:19,01:24,38,1,1,4,19:19,6.026666667,1,29/4/2018,1,1,1
467,01:20,2.0,fast,01:19,01:24,58,0,1,4,19:19,6.032222222,1,29/4/2018,1,1,1
468,01:21,2.0,fast,01:19,01:24,119,0,1,4,19:19,6.049166667,1,29/4/2018,1,1,1
469,01:43,4.0,fast,01:41,01:51,105,0,1,4,19:19,6.409444444,1,29/4/2018,1,1,1
470,01:44,5.0,pick,01:41,01:51,180,0,1,4,19:19,6.430277778,1,29/4/2018,1,1,1
471,01:44,3.0,fast,01:41,01:51,187,0,1,4,19:19,6.432222222,1,29/4/2018,1,1,1
472,01:45,5.0,pick,01:41,01:51,247,0,1,4,19:19,6.448888889,1,29/4/2018,1,1,1
473,01:46,0.020820512,fast,01:41,01:51,252,0,1,4,19:19,6.450277778,1,29/4/2018,1,1,1
474,01:48,9.0,bat,01:41,01:51,419,1,0,4,19:19,6.496666667,1,29/4/2018,1,1,1
475,01:49,1.0,fast_far,01:41,01:51,436,0,1,4,19:19,6.501388889,1,29/4/2018,1,1,1
476,01:51,21.0,pick,01:41,01:51,572,0,1,4,19:19,6.539166667,1,29/4/2018,1,1,1
477,01:51,4.0,bat,01:41,01:51,592,1,0,4,19:19,6.544722222,1,29/4/2018,1,1,1
478,02:51,1.0,fast,02:51,03:06,36,0,1,4,19:19,7.544166667,1,29/4/2018,2,2,3
480,02:53,6.0,pick,02:51,03:06,169,0,1,4,19:19,7.581111111,1,29/4/2018,2,2,3
481,02:58,2.0,bat,02:51,03:06,452,1,0,4,19:19,7.659722222,1,29/4/2018,2,2,3
482,02:58,0.071250736,bat_and_pick,02:51,03:06,466,1,1,4,19:19,7.663611111,1,29/4/2018,2,2,3
483,02:59,4.0,pick,02:51,03:06,485,0,1,4,19:19,7.668888889,1,29/4/2018,2,2,3
484,02:59,7.0,pick,02:51,03:06,499,0,1,4,19:19,7.672777778,1,29/4/2018,2,2,3
485,03:04,3.0,fast,02:51,03:06,783,0,1,4,19:19,7.751666667,1,29/4/2018,3,2,3
487,03:06,0.014550835,pick_and_all,02:51,03:06,903,1,1,4,19:19,7.785,1,29/4/2018,3,2,3
489,03:34,2.0,bat,03:33,03:48,26,1,0,4,19:19,8.252222222,1,29/4/2018,3,3,3
490,03:34,12.0,pick,03:33,03:48,63,0,1,4,19:19,8.2625,1,29/4/2018,3,3,3
491,03:40,0.025349973,bats,03:33,03:48,402,1,0,4,19:19,8.356666667,1,29/4/2018,3,3,3
492,03:45,0.094601342,rat,03:33,03:48,708,1,0,4,19:19,8.441666667,1,29/4/2018,3,3,3
493,03:46,26.0,rat_pick,03:33,03:48,740,1,1,4,19:19,8.450555556,1,29/4/2018,3,3,3
494,04:34,0.044300625,fast,04:31,04:37,192,0,1,4,19:19,9.265,1,29/4/2018,4,4,4
495,04:36,0.09536188,fast,04:31,04:37,315,0,1,4,19:19,9.299166667,1,29/4/2018,4,4,4
496,05:00,0.091074825,fast,04:58,05:00,109,0,1,4,19:19,9.688333333,1,29/4/2018,5,4,5
497,23:21,2.0,fast,23:21,23:24,44,0,1,4,19:19,4.049166667,1,28/4/2018,23,23,23
498,23:22,1.0,pick,23:21,23:24,60,0,1,4,19:19,4.053611111,1,28/4/2018,23,23,23
501,02:52,1.0,fast,02:51,03:06,66,0,1,4,19:19,7.5525,1,29/4/2018,2,2,3
502,03:06,2.0,fight,02:51,03:06,902,0,0,4,19:19,7.784722222,1,29/4/2018,3,2,3
504,20:43,0.017597713,fast,20:37,20:53,389,0,1,4,19:19,1.414722222,1,29/4/2018,20,20,20
505,20:48,0.032534418,fast,20:37,20:53,695,0,1,4,19:19,1.499722222,1,29/4/2018,20,20,20
506,20:49,4.0,fast,20:37,20:53,710,0,1,4,19:19,1.503888889,1,29/4/2018,20,20,20
507,20:50,14.0,bat_rat_pick,20:37,20:53,759,1,1,4,19:19,1.5175,1,29/4/2018,20,20,20
508,22:53,20.0,rat_and_bat,22:53,23:06,4,1,0,4,19:19,3.5725,1,29/4/2018,22,22,23
509,22:53,2.0,fast,22:53,23:06,9,0,1,4,19:19,3.573888889,1,29/4/2018,22,22,23
511,22:55,8.0,rat,22:53,23:06,144,1,0,4,19:19,3.611388889,1,29/4/2018,22,22,23
512,22:56,0.097800752,rat,22:53,23:06,184,1,0,4,19:19,3.6225,1,29/4/2018,22,22,23
513,23:00,0.063312201,bat_fight,22:53,23:06,428,1,0,4,19:19,3.690277778,1,29/4/2018,23,22,23
514,23:01,18.0,bat_pick,22:53,23:06,490,1,1,4,19:19,3.7075,1,29/4/2018,23,22,23
515,23:01,2.0,fast,22:53,23:06,521,0,1,4,19:19,3.716111111,1,29/4/2018,23,22,23
516,23:02,5.0,rat_and_pick,22:53,23:06,529,1,1,4,19:19,3.718333333,1,29/4/2018,23,22,23
517,23:06,0.078489345,fast,22:53,23:06,776,0,1,4,19:19,3.786944444,1,29/4/2018,23,22,23
518,01:30,22.0,pick_bat,01:26,01:44,239,1,1,4,19:19,6.196944444,1,30/4/2018,1,1,1
520,01:31,9.0,pick_bat,01:26,01:44,290,1,1,4,19:19,6.211111111,1,30/4/2018,1,1,1
521,01:31,4.0,fast,01:26,01:44,304,0,1,4,19:19,6.215,1,30/4/2018,1,1,1
522,01:32,0.085746166,rat_pick,01:26,01:44,315,1,1,4,19:19,6.218055556,1,30/4/2018,1,1,1
523,01:32,4.0,pick,01:26,01:44,323,0,1,4,19:19,6.220277778,1,30/4/2018,1,1,1
524,01:33,0.040027684,rat,01:26,01:44,407,1,0,4,19:19,6.243611111,1,30/4/2018,1,1,1
525,01:37,0.076567662,fast,01:26,01:44,633,0,1,4,19:19,6.306388889,1,30/4/2018,1,1,1
526,01:40,0.072746343,bat_and_rat,01:26,01:44,800,1,0,4,19:19,6.352777778,1,30/4/2018,1,1,1
527,01:40,0.055695432,bat_and_rat,01:26,01:44,808,1,0,4,19:19,6.355,1,30/4/2018,1,1,1
530,01:42,3.0,fast,01:26,01:44,925,0,1,4,19:19,6.3875,1,30/4/2018,1,1,1
531,02:42,0.094277126,fast,02:41,02:55,63,0,1,4,19:19,7.387777778,1,30/4/2018,2,2,2
532,02:42,1.0,fast,02:41,02:55,91,0,1,4,19:19,7.395555556,1,30/4/2018,2,2,2
533,02:43,0.019462583,no_food,02:41,02:55,142,0,0,4,19:19,7.409722222,1,30/4/2018,2,2,2
534,02:43,7.0,pick,02:41,02:55,162,0,1,4,19:19,7.415277778,1,30/4/2018,2,2,2
535,02:44,0.037865482,fast,02:41,02:55,191,0,1,4,19:19,7.423333333,1,30/4/2018,2,2,2
536,02:44,4.0,fast,02:41,02:55,222,0,1,4,19:19,7.431944444,1,30/4/2018,2,2,2
537,02:46,0.037828205,bat_and_pick,02:41,02:55,291,1,1,4,19:19,7.451111111,1,30/4/2018,2,2,2
538,02:46,22.0,bat_and_pick,02:41,02:55,288,1,1,4,19:19,7.450277778,1,30/4/2018,2,2,2
539,02:51,0.099086619,fast,02:41,02:55,624,0,1,4,19:19,7.543611111,1,30/4/2018,2,2,2
540,02:51,0.033212611,bat_and_pick,02:41,02:55,630,1,1,4,19:19,7.545277778,1,30/4/2018,2,2,2
541,02:55,0.096084094,bat_and_rat,02:41,02:55,878,1,0,4,19:19,7.614166667,1,30/4/2018,2,2,2
542,03:53,7.0,bat_and_pick,03:43,04:42,605,1,1,4,19:19,8.582777778,1,30/4/2018,3,3,4
543,03:54,6.0,pick,03:43,04:42,653,0,1,4,19:19,8.596111111,1,30/4/2018,3,3,4
544,01:34,5.0,rat_and_bat,01:26,01:44,445,1,0,4,19:19,6.254166667,1,30/4/2018,1,1,1
545,21:57,8.0,rat,21:56,22:00,47,1,0,4,19:18,2.662777778,1,27/4/2018,21,21,22
546,22:00,5.0,rat,21:56,22:00,199,1,0,4,19:18,2.705,1,27/4/2018,22,21,22
547,22:12,17.0,other_bats,22:08,22:12,214,1,0,4,19:18,2.9,1,27/4/2018,22,22,22
548,22:41,1.0,rat,22:39,22:41,127,1,0,4,19:18,3.389722222,1,27/4/2018,22,22,22
549,23:01,2.0,fast,23:01,23:12,18,0,1,4,19:18,3.732777778,1,27/4/2018,23,23,23
551,23:02,1.0,fast,23:01,23:12,79,0,1,4,19:18,3.749722222,1,27/4/2018,23,23,23
552,23:03,2.0,fast,23:01,23:12,105,0,1,4,19:18,3.756944444,1,27/4/2018,23,23,23
553,23:11,5.0,pick_and_others,23:01,23:12,576,1,1,4,19:18,3.887777778,1,27/4/2018,23,23,23
554,23:11,13.0,bats,23:01,23:12,592,1,0,4,19:18,3.892222222,1,27/4/2018,23,23,23
555,23:12,15.0,bats,23:01,23:12,623,1,0,4,19:18,3.900833333,1,27/4/2018,23,23,23
556,23:16,1.0,fast,23:15,23:17,35,0,1,4,19:18,3.97,1,27/4/2018,23,23,23
557,23:16,3.0,fast,23:15,23:17,74,0,1,4,19:18,3.980833333,1,27/4/2018,23,23,23
558,23:17,2.0,fast,23:15,23:17,120,0,1,4,19:18,3.993611111,1,27/4/2018,23,23,23
559,23:42,6.0,pick,23:41,23:43,23,0,1,4,19:18,4.401111111,1,27/4/2018,23,23,23
560,00:07,11.0,rat_and_pick,00:04,00:14,174,1,1,4,19:18,4.829722222,1,28/4/2018,0,0,0
561,00:10,3.0,rat,00:04,00:14,330,1,0,4,19:18,4.873055556,1,28/4/2018,0,0,0
562,00:10,6.0,pick,00:04,00:14,363,0,1,4,19:18,4.882222222,1,28/4/2018,0,0,0
563,00:10,5.0,bat_fight,00:04,00:14,365,1,0,4,19:18,4.882777778,1,28/4/2018,0,0,0
564,00:10,5.0,bat_fight,00:04,00:14,365,1,0,4,19:18,4.882777778,1,28/4/2018,0,0,0
565,00:11,2.0,fast,00:04,00:14,373,0,1,4,19:18,4.885,1,28/4/2018,0,0,0
566,00:11,4.0,pick,00:04,00:14,401,0,1,4,19:18,4.892777778,1,28/4/2018,0,0,0
567,00:11,1.0,rat,00:04,00:14,408,1,0,4,19:18,4.894722222,1,28/4/2018,0,0,0
568,00:12,7.0,rat,00:04,00:14,434,1,0,4,19:18,4.901944444,1,28/4/2018,0,0,0
569,00:12,6.0,pick,00:04,00:14,449,0,1,4,19:18,4.906111111,1,28/4/2018,0,0,0
570,00:13,5.0,pick_and_rat,00:04,00:14,496,1,1,4,19:18,4.919166667,1,28/4/2018,0,0,0
571,00:13,18.0,pick,00:04,00:14,497,0,1,4,19:18,4.919444444,1,28/4/2018,0,0,0
572,00:13,3.0,fast,00:04,00:14,520,0,1,4,19:18,4.925833333,1,28/4/2018,0,0,0
573,00:13,10.0,bat_and_rat,00:04,00:14,544,1,0,4,19:18,4.9325,1,28/4/2018,0,0,0
574,01:06,1.0,fast,01:06,01:07,19,0,1,4,19:18,5.808888889,1,28/4/2018,1,1,1
575,01:06,0.063724824,fast,01:06,01:07,35,0,1,4,19:18,5.813333333,1,28/4/2018,1,1,1
576,01:06,5.0,others,01:06,01:07,42,1,0,4,19:18,5.815277778,1,28/4/2018,1,1,1
577,01:07,6.0,pick,01:06,01:07,74,0,1,4,19:18,5.824166667,1,28/4/2018,1,1,1
578,02:14,15.0,others,02:13,02:14,55,1,0,4,19:18,6.935833333,1,28/4/2018,2,2,2
579,02:14,4.0,pick,02:13,02:14,90,0,1,4,19:18,6.945555556,1,28/4/2018,2,2,2
580,02:22,5.0,rat_disappear,02:21,02:23,60,1,0,4,19:18,7.071388889,1,28/4/2018,2,2,2
581,02:22,0.026148246,fast,02:21,02:23,90,0,1,4,19:18,7.079722222,1,28/4/2018,2,2,2
582,02:49,7.0,pick_and_bat,02:47,02:51,120,1,1,4,19:18,7.528333333,1,28/4/2018,2,2,2
583,02:49,7.0,pick,02:47,02:51,128,0,1,4,19:18,7.530555556,1,28/4/2018,2,2,2
584,02:50,0.08833199,fast,02:47,02:51,139,0,1,4,19:18,7.533611111,1,28/4/2018,2,2,2
585,02:50,8.0,pick,02:47,02:51,170,0,1,4,19:18,7.542222222,1,28/4/2018,2,2,2
586,02:50,28.0,pick_and_others,02:47,02:51,195,1,1,4,19:18,7.549166667,1,28/4/2018,2,2,2
587,02:51,6.0,pick,02:47,02:51,211,0,1,4,19:18,7.553611111,1,28/4/2018,2,2,2
588,03:25,15.0,rat_and_bat,03:24,03:25,31,1,0,4,19:18,8.1225,1,28/4/2018,3,3,3
589,03:25,2.0,fast,03:24,03:25,45,0,1,4,19:18,8.126388889,1,28/4/2018,3,3,3
590,03:36,3.0,fast,03:33,03:36,194,0,1,4,19:18,8.305,1,28/4/2018,3,3,3
591,03:51,3.0,fast,03:48,04:09,172,0,1,4,19:18,8.554722222,1,28/4/2018,3,3,4
592,05:16,17.0,rat,05:14,05:21,115,1,0,4,19:18,9.978888889,1,28/4/2018,5,5,5
593,05:20,1.0,pick,05:14,05:21,370,0,1,4,19:18,10.04972222,1,28/4/2018,5,5,5
594,05:55,3.0,fast,05:55,06:05,56,0,1,4,19:18,10.63222222,1,28/4/2018,5,5,6
596,20:42,1.0,others,20:40,20:43,159,1,0,4,19:12,1.516388889,1,18/4/2018,20,20,20
597,20:43,12.0,others,20:40,20:43,199,1,0,4,19:12,1.5275,1,18/4/2018,20,20,20
598,00:19,7.0,pick,00:18,00:19,59,0,1,4,19:12,5.118888889,1,19/4/2018,0,0,0
599,01:15,3.0,fast,01:12,01:18,187,0,1,4,19:12,6.058055556,1,19/4/2018,1,1,1
600,04:31,8.0,rat,04:28,04:34,200,1,0,4,19:12,9.331666667,1,19/4/2018,4,4,4
601,04:32,1.0,fast,04:28,04:34,210,0,1,4,19:12,9.334444444,1,19/4/2018,4,4,4
602,04:33,5.0,pick,04:28,04:34,274,0,1,4,19:12,9.352222222,1,19/4/2018,4,4,4
603,04:33,14.0,pick,04:28,04:34,280,0,1,4,19:12,9.353888889,1,19/4/2018,4,4,4
609,21:15,2.0,rat,21:14,21:16,38,1,0,4,19:20,1.926388889,1,30/4/2018,21,21,21
610,21:16,2.0,bats,21:14,21:16,109,1,0,4,19:20,1.946111111,1,30/4/2018,21,21,21
613,22:11,6.0,bat_fight,22:08,22:15,139,1,0,4,19:20,2.853611111,1,30/4/2018,22,22,22
614,22:12,11.0,pick,22:08,22:15,228,0,1,4,19:20,2.878333333,1,30/4/2018,22,22,22
615,22:15,13.0,bat,22:08,22:15,407,1,0,4,19:20,2.928055556,1,30/4/2018,22,22,22
619,23:29,4.0,bat_fight,23:19,23:32,616,1,0,4,19:20,4.154444444,1,30/4/2018,23,23,23
620,23:29,9.0,bat_fight,23:19,23:32,655,1,0,4,19:20,4.165277778,1,30/4/2018,23,23,23
621,23:30,12.0,bat_fight,23:19,23:32,673,1,0,4,19:20,4.170277778,1,30/4/2018,23,23,23
622,23:30,11.0,bat_pick,23:19,23:32,685,1,1,4,19:20,4.173611111,1,30/4/2018,23,23,23
623,23:31,2.0,fast,23:19,23:32,773,0,1,4,19:20,4.198055556,1,30/4/2018,23,23,23
626,19:38,5.0,bat,19:38,19:42,9,1,0,4,19:14,0.4025,1,22/4/2018,19,19,19
627,19:41,2.0,fast,19:38,19:42,203,0,1,4,19:14,0.456388889,1,22/4/2018,19,19,19
628,00:11,7.0,pick,00:08,00:12,161,0,1,4,19:14,4.955,1,23/4/2018,0,0,0
629,00:12,2.0,pick,00:08,00:12,238,0,1,4,19:14,4.976388889,1,23/4/2018,0,0,0
630,00:46,5.0,fast,00:45,00:50,64,0,1,4,19:14,5.536388889,1,23/4/2018,0,0,0
631,00:48,4.0,pick,00:45,00:50,174,0,1,4,19:14,5.566944444,1,23/4/2018,0,0,0
632,00:49,4.0,pick,00:45,00:50,263,0,1,4,19:14,5.591666667,1,23/4/2018,0,0,0
633,00:49,16.0,pick,00:45,00:50,276,0,1,4,19:14,5.595277778,1,23/4/2018,0,0,0
634,01:08,1.0,fast,01:07,01:10,105,0,1,4,19:14,5.916111111,1,23/4/2018,1,1,1
635,01:10,2.0,fast,01:07,01:10,183,0,1,4,19:14,5.937777778,1,23/4/2018,1,1,1
636,01:41,3.0,pick,01:41,01:44,1,0,1,4,19:14,6.456111111,1,23/4/2018,1,1,1
637,00:47,4.0,pick,00:45,00:50,161,0,1,4,19:14,5.563333333,1,23/4/2018,0,0,0
639,19:31,28.0,pick,19:24,19:32,433,0,1,4,19:17,0.243055556,1,25/4/2018,19,19,19
640,19:51,2.0,fast_and_pick,19:51,19:51,5,0,1,4,19:15,0.605555556,1,23/4/2018,19,19,19
641,03:57,27.0,other directions,03:51,03:57,389,1,0,4,19:15,8.714444444,1,24/4/2018,3,3,3
643,19:22,1.0,fast,19:18,19:26,254,0,1,4,19:13,0.164722222,1,20/4/2018,19,19,19
644,19:25,5.0,fast,19:18,19:26,383,0,1,4,19:13,0.200555556,1,20/4/2018,19,19,19
645,19:25,0.039481249,fast,19:18,19:26,440,0,1,4,19:13,0.216388889,1,20/4/2018,19,19,19
649,21:22,2.0,fast,21:20,21:34,139,0,1,4,19:13,2.155555556,1,20/4/2018,21,21,21
650,21:24,25.0,pick,21:20,21:34,250,0,1,4,19:13,2.186388889,1,20/4/2018,21,21,21
652,21:59,2.0,pick,21:59,21:59,12,0,1,4,19:13,2.772222222,1,20/4/2018,21,21,21
653,00:49,1.0,pick,00:49,00:55,0,0,1,4,19:13,5.601666667,1,21/4/2018,0,0,0
654,00:50,28.0,bat_and_rat,00:49,00:55,107,1,0,4,19:13,5.631388889,1,21/4/2018,0,0,0
655,00:54,2.0,bat_fight,00:49,00:55,349,1,0,4,19:13,5.698611111,1,21/4/2018,0,0,0
656,00:55,0.071239584,fast,00:49,00:55,383,0,1,4,19:13,5.708055556,1,21/4/2018,0,0,0
657,01:44,11.0,rat,01:43,01:45,25,1,0,4,19:13,6.516666667,1,21/4/2018,1,1,1
658,02:08,5.0,bats,02:06,02:18,121,1,0,4,19:13,6.933055556,1,21/4/2018,2,2,2
659,02:09,0.033235649,fast,02:06,02:18,150,0,1,4,19:13,6.941111111,1,21/4/2018,2,2,2
660,02:09,3.0,pick,02:06,02:18,172,0,1,4,19:13,6.947222222,1,21/4/2018,2,2,2
661,02:14,15.0,rat,02:06,02:18,460,1,0,4,19:13,7.027222222,1,21/4/2018,2,2,2
662,02:15,1.0,fast,02:06,02:18,482,0,1,4,19:13,7.033333333,1,21/4/2018,2,2,2
663,02:16,1.0,rat,02:06,02:18,580,1,0,4,19:13,7.060555556,1,21/4/2018,2,2,2
664,02:16,17.0,rat,02:06,02:18,587,1,0,4,19:13,7.0625,1,21/4/2018,2,2,2
665,02:17,0.0502264,fast,02:06,02:18,603,0,1,4,19:13,7.066944444,1,21/4/2018,2,2,2
666,02:17,4.0,bat_fight,02:06,02:18,619,1,0,4,19:13,7.071388889,1,21/4/2018,2,2,2
667,02:17,1.0,fight,02:06,02:18,621,0,0,4,19:13,7.071944444,1,21/4/2018,2,2,2
668,02:17,0.057320093,no_food,02:06,02:18,629,0,0,4,19:13,7.074166667,1,21/4/2018,2,2,2
669,02:17,2.0,bat,02:06,02:18,628,1,0,4,19:13,7.073888889,1,21/4/2018,2,2,2
670,02:17,2.0,fast,02:06,02:18,638,0,1,4,19:13,7.076666667,1,21/4/2018,2,2,2
671,03:26,1.0,fast,03:21,03:26,261,0,1,4,19:13,8.218611111,1,21/4/2018,3,3,3
672,03:26,6.0,rat,03:21,03:26,279,1,0,4,19:13,8.223611111,1,21/4/2018,3,3,3
673,05:54,4.0,fast,05:50,06:09,285,0,1,4,19:13,10.69888889,1,21/4/2018,5,5,6
674,00:54,17.0,pick,00:49,00:55,336,0,1,4,19:13,5.695,1,21/4/2018,0,0,0
676,23:55,4.0,rat,23:44,23:55,629,1,0,5,19:24,4.518888889,1,6/5/2018,23,23,23
678,03:16,10.0,bat_fight,03:12,03:16,234,1,0,5,19:24,7.870833333,1,7/5/2018,3,3,3
679,03:45,23.0,rat,03:38,03:54,423,1,0,5,19:24,8.3525,1,7/5/2018,3,3,3
680,04:28,2.0,rat,04:25,04:36,158,1,0,5,19:24,9.072777778,1,7/5/2018,4,4,4
681,04:29,5.0,other_bats,04:25,04:36,203,1,0,5,19:24,9.085277778,1,7/5/2018,4,4,4
683,05:32,10.0,pick,05:30,05:42,149,0,1,5,19:24,10.14583333,1,7/5/2018,5,5,5
684,05:33,2.0,rat,05:30,05:42,187,1,0,5,19:24,10.15638889,1,7/5/2018,5,5,5
688,02:33,3.0,bat_rat,02:33,02:39,10,1,0,5,19:26,7.122777778,1,9/5/2018,2,2,2
689,02:34,2.0,fast,02:33,02:39,61,0,1,5,19:26,7.136944444,1,9/5/2018,2,2,2
690,02:35,1.0,fast,02:33,02:39,132,0,1,5,19:26,7.156666667,1,9/5/2018,2,2,2
691,02:35,4.0,pick,02:33,02:39,137,0,1,5,19:26,7.158055556,1,9/5/2018,2,2,2
692,02:35,5.0,pick,02:33,02:39,144,0,1,5,19:26,7.16,1,9/5/2018,2,2,2
693,02:38,21.0,pick,02:33,02:39,318,0,1,5,19:26,7.208333333,1,9/5/2018,2,2,2
694,02:39,7.0,pick,02:33,02:39,367,0,1,5,19:26,7.221944444,1,9/5/2018,2,2,2
695,02:39,23.0,pick,02:33,02:39,378,0,1,5,19:26,7.225,1,9/5/2018,2,2,2
696,03:23,1.0,fast,03:21,03:30,78,0,1,5,19:26,7.953888889,1,9/5/2018,3,3,3
697,03:29,8.0,rat,03:21,03:30,483,1,0,5,19:26,8.066388889,1,9/5/2018,3,3,3
698,03:30,8.0,rat,03:21,03:30,530,1,0,5,19:26,8.079444444,1,9/5/2018,3,3,3
699,19:09,4.0,pick,18:58,19:17,618,0,1,5,19:21,-0.198611111,1,1/5/2018,19,18,19
700,19:10,1.0,fast,18:58,19:17,703,0,1,5,19:21,-0.175,1,1/5/2018,19,18,19
701,19:14,1.0,fast,18:58,19:17,939,0,1,5,19:21,-0.109444444,1,1/5/2018,19,18,19
702,21:28,1.0,fast,21:27,21:38,62,0,1,5,19:21,2.120277778,1,1/5/2018,21,21,21
703,21:34,1.0,fast,21:27,21:38,443,0,1,5,19:21,2.226111111,1,1/5/2018,21,21,21
704,22:11,4.0,pup_and_mon,22:06,22:11,275,0,0,5,19:21,2.833888889,1,1/5/2018,22,22,22
705,23:12,23.0,pick,23:08,23:12,261,0,1,5,19:21,3.858611111,1,1/5/2018,23,23,23
706,23:56,10.0,pick,23:54,00:00,130,0,1,5,19:21,4.592777778,1,1/5/2018,23,23,0
707,00:47,2.0,pick,00:46,00:58,10,0,1,5,19:21,5.434166667,1,2/5/2018,0,0,0
708,00:47,19.0,rat,00:46,00:58,12,1,0,5,19:21,5.434722222,1,2/5/2018,0,0,0
709,00:49,1.0,fast,00:46,00:58,142,0,1,5,19:21,5.470833333,1,2/5/2018,0,0,0
711,00:51,2.0,bat_fight,00:46,00:58,253,1,0,5,19:21,5.501666667,1,2/5/2018,0,0,0
712,00:51,6.0,bat_and_rat,00:46,00:58,280,1,0,5,19:21,5.509166667,1,2/5/2018,0,0,0
714,00:53,20.0,pick_bat_rat,00:46,00:58,396,1,1,5,19:21,5.541388889,1,2/5/2018,0,0,0
715,00:53,22.0,pick,00:46,00:58,408,0,1,5,19:21,5.544722222,1,2/5/2018,0,0,0
716,00:54,7.0,pick,00:46,00:58,433,0,1,5,19:21,5.551666667,1,2/5/2018,0,0,0
717,00:57,4.0,rat,00:46,00:58,627,1,0,5,19:21,5.605555556,1,2/5/2018,0,0,0
718,01:35,2.0,rat,01:34,01:36,99,1,0,5,19:21,6.248333333,1,2/5/2018,1,1,1
720,02:20,0.010871342,bat,02:14,02:24,404,1,0,5,19:21,6.995555556,1,2/5/2018,2,2,2
721,02:21,4.0,bat,02:14,02:24,449,1,0,5,19:21,7.008055556,1,2/5/2018,2,2,2
722,02:22,6.0,bat,02:14,02:24,481,1,0,5,19:21,7.016944444,1,2/5/2018,2,2,2
724,03:51,1.0,fast,03:50,03:51,23,0,1,5,19:21,8.5025,1,2/5/2018,3,3,3
725,04:22,23.0,rat_pick,04:14,04:27,489,1,1,5,19:21,9.026111111,1,2/5/2018,4,4,4
726,05:09,0.019932178,fast,05:07,05:10,110,0,1,5,19:21,9.813055556,1,2/5/2018,5,5,5
727,00:51,22.0,bat_fight,00:46,00:58,296,1,0,5,19:21,5.513611111,1,2/5/2018,0,0,0
729,02:22,7.0,bat,02:14,02:24,507,1,0,5,19:21,7.024166667,1,2/5/2018,2,2,2
730,01:03,4.0,rat,01:02,01:03,78,1,0,5,19:25,5.644166667,1,8/5/2018,1,1,1
731,02:33,2.0,fast,02:33,02:35,48,0,1,5,19:25,7.147777778,1,8/5/2018,2,2,2
732,02:35,7.0,pick,02:33,02:35,123,0,1,5,19:25,7.168611111,1,8/5/2018,2,2,2
733,02:35,5.0,rat,02:33,02:35,161,1,0,5,19:25,7.179166667,1,8/5/2018,2,2,2
734,03:13,3.0,fast,03:13,03:17,31,0,1,5,19:26,7.794166667,1,10/5/2018,3,3,3
735,04:44,3.0,rat,04:43,04:48,29,1,0,5,19:26,9.301111111,1,10/5/2018,4,4,4
737,22:09,4.0,fast,22:08,22:13,15,0,1,5,19:27,2.702222222,1,10/5/2018,22,22,22
738,22:10,1.0,fast,22:08,22:13,105,0,1,5,19:27,2.727222222,1,10/5/2018,22,22,22
739,22:12,7.0,rat,22:08,22:13,218,1,0,5,19:27,2.758611111,1,10/5/2018,22,22,22
740,22:12,24.0,rat,22:08,22:13,228,1,0,5,19:27,2.761388889,1,10/5/2018,22,22,22
741,23:57,22.0,rat,23:55,00:02,87,1,0,5,19:27,4.505833333,1,10/5/2018,23,23,0
742,02:45,2.0,rat,02:35,02:47,627,1,0,5,19:27,7.314722222,1,11/5/2018,2,2,2
743,02:46,21.0,pick_and_rat,02:35,02:47,670,1,1,5,19:27,7.326666667,1,11/5/2018,2,2,2
744,02:47,8.0,pick_and_rat,02:35,02:47,705,1,1,5,19:27,7.336388889,1,11/5/2018,2,2,2
745,04:30,8.0,rat,04:25,04:36,331,1,0,5,19:27,9.059444444,1,11/5/2018,4,4,4
747,22:46,1.0,fast,22:41,22:48,247,0,1,5,19:32,3.234444444,1,17/5/2018,22,22,22
748,22:46,9.0,rat,22:41,22:48,252,1,0,5,19:32,3.235833333,1,17/5/2018,22,22,22
749,22:48,4.0,rat_pick,22:41,22:48,383,1,1,5,19:32,3.272222222,1,17/5/2018,22,22,22
750,23:49,3.0,bat_and_rat,23:49,23:58,28,1,0,5,19:32,4.299166667,1,17/5/2018,23,23,23
751,23:50,1.0,rat,23:49,23:58,54,1,0,5,19:32,4.306388889,1,17/5/2018,23,23,23
752,23:55,11.0,rat_bat,23:49,23:58,348,1,0,5,19:32,4.388055556,1,17/5/2018,23,23,23
754,23:58,16.0,rat_pick,23:49,23:58,529,1,1,5,19:32,4.438333333,1,17/5/2018,23,23,23
761,21:52,8.0,rat,21:42,22:11,624,1,0,5,19:34,2.311111111,1,20/5/2018,21,21,22
763,02:54,26.0,rat_pick,02:49,02:57,271,1,1,5,19:34,7.338888889,1,21/5/2018,2,2,2
768,03:26,14.0,rat,03:24,03:26,111,1,0,5,19:31,7.918055556,1,17/5/2018,3,3,3
770,00:06,4.0,fast,00:06,00:09,16,0,1,5,19:20,4.773888889,1,1/5/2018,0,0,0
771,00:06,19.0,bat_fight,00:06,00:09,41,1,0,5,19:20,4.780833333,1,1/5/2018,0,0,0
772,00:07,4.0,bat_fight,00:06,00:09,50,1,0,5,19:20,4.783333333,1,1/5/2018,0,0,0
773,00:08,14.0,rat,00:06,00:09,134,1,0,5,19:20,4.806666667,1,1/5/2018,0,0,0
775,00:29,0.095162728,fast,00:28,00:44,11,0,1,5,19:20,5.150555556,1,1/5/2018,0,0,0
777,00:32,3.0,fast,00:28,00:44,241,0,1,5,19:20,5.214444444,1,1/5/2018,0,0,0
778,00:33,0.042360901,fast,00:28,00:44,250,0,1,5,19:20,5.216944444,1,1/5/2018,0,0,0
779,00:33,2.0,fast,00:28,00:44,271,0,1,5,19:20,5.222777778,1,1/5/2018,0,0,0
780,00:33,3.0,bat,00:28,00:44,276,1,0,5,19:20,5.224166667,1,1/5/2018,0,0,0
781,00:33,2.0,fast,00:28,00:44,304,0,1,5,19:20,5.231944444,1,1/5/2018,0,0,0
782,00:34,8.0,bat_and_rat,00:28,00:44,352,1,0,5,19:20,5.245277778,1,1/5/2018,0,0,0
784,00:39,4.0,bat,00:28,00:44,649,1,0,5,19:20,5.327777778,1,1/5/2018,0,0,0
786,00:42,18.0,rat,00:28,00:44,819,1,0,5,19:20,5.375,1,1/5/2018,0,0,0
787,00:43,2.0,fast,00:28,00:44,889,0,1,5,19:20,5.394444444,1,1/5/2018,0,0,0
788,00:44,8.0,bat_fight,00:28,00:44,932,1,0,5,19:20,5.406388889,1,1/5/2018,0,0,0
790,02:33,2.0,fast,02:33,02:37,1,0,1,5,19:20,7.231111111,1,1/5/2018,2,2,2
791,03:31,4.0,pick,03:24,03:33,386,0,1,5,19:20,8.188055556,1,1/5/2018,3,3,3
792,03:56,7.0,rat,03:52,03:59,257,1,0,5,19:20,8.608611111,1,1/5/2018,3,3,3
793,03:57,4.0,fast,03:52,03:59,295,0,1,5,19:20,8.619166667,1,1/5/2018,3,3,3
794,05:42,19.0,pick_rat_and_bat,05:40,05:43,125,1,1,5,19:20,10.37722222,1,1/5/2018,5,5,5
795,00:07,1.0,rat,00:06,00:09,62,1,0,5,19:20,4.786666667,1,1/5/2018,0,0,0
796,00:09,5.0,pick,00:06,00:09,210,0,1,5,19:20,4.827777778,1,1/5/2018,0,0,0
797,00:31,2.0,fast,00:28,00:44,177,0,1,5,19:20,5.196666667,1,1/5/2018,0,0,0
798,00:35,13.0,fast,00:28,00:44,377,0,1,5,19:20,5.252222222,1,1/5/2018,0,0,0
800,00:44,1.0,fast,00:28,00:44,915,0,1,5,19:20,5.401666667,1,1/5/2018,0,0,0
802,22:40,8.0,rat_pick,22:38,22:40,118,1,1,5,19:29,3.194166667,1,13/5/2018,22,22,22
804,01:24,26.0,bat,01:16,01:30,482,1,0,5,19:29,5.929166667,1,14/5/2018,1,1,1
805,05:42,4.0,bat,05:41,05:43,11,1,0,5,19:29,10.21861111,1,14/5/2018,5,5,5
806,03:36,14.0,fast,03:34,03:45,140,0,1,5,19:29,8.131944444,1,14/5/2018,3,3,3
807,19:20,6.0,pick_rat,19:15,19:26,260,1,1,5,19:21,-0.015277778,1,2/5/2018,19,19,19
808,19:52,3.0,rat,19:52,19:55,9,1,0,5,19:21,0.530555556,1,2/5/2018,19,19,19
809,19:53,1.0,rat,19:52,19:55,51,1,0,5,19:21,0.542222222,1,2/5/2018,19,19,19
810,19:55,1.0,rat,19:52,19:55,146,1,0,5,19:21,0.568611111,1,2/5/2018,19,19,19
811,21:01,18.0,pick,20:59,21:06,89,0,1,5,19:21,1.670555556,1,2/5/2018,21,20,21
812,21:01,1.0,rat,20:59,21:06,124,1,0,5,19:21,1.680277778,1,2/5/2018,21,20,21
813,21:05,4.0,rat,20:59,21:06,317,1,0,5,19:21,1.733888889,1,2/5/2018,21,20,21
815,22:56,1.0,fast,22:51,22:57,293,0,1,5,19:21,3.592777778,1,2/5/2018,22,22,22
816,23:13,16.0,rat_and_pick,23:13,23:20,5,1,1,5,19:21,3.868611111,1,2/5/2018,23,23,23
817,23:20,2.0,no_food,23:13,23:20,448,0,0,5,19:21,3.991666667,1,2/5/2018,23,23,23
818,23:20,1.0,fast,23:13,23:20,451,0,1,5,19:21,3.9925,1,2/5/2018,23,23,23
820,03:29,13.0,rat,03:21,03:33,453,1,0,5,19:21,8.133333333,1,3/5/2018,3,3,3
821,03:30,1.0,rat_and_bat,03:21,03:33,566,1,0,5,19:21,8.164722222,1,3/5/2018,3,3,3
822,03:31,1.0,fast,03:21,03:33,625,0,1,5,19:21,8.181111111,1,3/5/2018,3,3,3
823,03:51,20.0,rat,03:48,03:53,137,1,0,5,19:21,8.500833333,1,3/5/2018,3,3,3
824,21:59,14.0,rat,21:55,22:09,264,1,0,5,19:24,2.595833333,1,5/5/2018,21,21,22
825,22:49,15.0,rat,22:48,22:49,90,1,0,5,19:24,3.425555556,1,5/5/2018,22,22,22
826,22:55,23.0,rat,22:54,23:00,44,1,0,5,19:24,3.522777778,1,5/5/2018,22,22,23
827,23:26,1.0,fast,23:25,23:26,62,0,1,5,19:24,4.048888889,1,5/5/2018,23,23,23
828,01:58,1.0,rat,01:56,02:10,116,1,0,5,19:24,6.581111111,1,6/5/2018,1,1,2
829,01:58,3.0,rat,01:56,02:10,118,1,0,5,19:24,6.581666667,1,6/5/2018,1,1,2
830,02:00,16.0,bat_fight,01:56,02:10,202,1,0,5,19:24,6.605,1,6/5/2018,2,1,2
831,02:00,27.0,bat_fight_and_rat,01:56,02:10,210,1,0,5,19:24,6.607222222,1,6/5/2018,2,1,2
832,02:01,0.092315438,rat,01:56,02:10,270,1,0,5,19:24,6.623888889,1,6/5/2018,2,1,2
833,02:07,16.0,rat,01:56,02:10,657,1,0,5,19:24,6.731388889,1,6/5/2018,2,1,2
834,02:09,5.0,rat,01:56,02:10,783,1,0,5,19:24,6.766388889,1,6/5/2018,2,1,2
835,03:16,12.0,pick_bat,03:10,03:16,377,1,1,5,19:24,7.871944444,1,6/5/2018,3,3,3
836,03:39,1.0,fast,03:30,03:46,536,0,1,5,19:24,8.258055556,1,6/5/2018,3,3,3
837,03:39,1.0,rat,03:30,03:46,557,1,0,5,19:24,8.263888889,1,6/5/2018,3,3,3
838,03:40,2.0,fast,03:30,03:46,581,0,1,5,19:24,8.270555556,1,6/5/2018,3,3,3
839,03:42,12.0,rat,03:30,03:46,721,1,0,5,19:24,8.309444444,1,6/5/2018,3,3,3
840,03:42,1.0,fast,03:30,03:46,733,0,1,5,19:24,8.312777778,1,6/5/2018,3,3,3
841,03:42,3.0,fast,03:30,03:46,737,0,1,5,19:24,8.313888889,1,6/5/2018,3,3,3
843,03:46,1.0,fast,03:30,03:46,935,0,1,5,19:24,8.368888889,1,6/5/2018,3,3,3
845,05:07,1.0,fast,04:54,05:11,737,0,1,5,19:24,9.717222222,1,6/5/2018,5,4,5
846,05:07,5.0,rat,04:54,05:11,756,1,0,5,19:24,9.7225,1,6/5/2018,5,4,5
847,05:08,8.0,pick,04:54,05:11,808,0,1,5,19:24,9.736944444,1,6/5/2018,5,4,5
848,05:28,19.0,rat,05:26,05:28,91,1,0,5,19:24,10.07083333,1,6/5/2018,5,5,5
854,20:25,6.0,rat,20:24,20:25,54,1,0,5,19:23,1.044166667,1,4/5/2018,20,20,20
855,20:44,10.0,pick,20:39,21:04,275,0,1,5,19:23,1.353055556,1,4/5/2018,20,20,21
856,20:50,17.0,pick_rat,20:39,21:04,645,1,1,5,19:23,1.455833333,1,4/5/2018,20,20,21
858,22:33,8.0,pick,22:32,22:34,28,0,1,5,19:23,3.172777778,1,4/5/2018,22,22,22
859,22:33,1.0,fast,22:32,22:34,43,0,1,5,19:23,3.176944444,1,4/5/2018,22,22,22
860,23:36,16.0,rat,23:33,23:36,167,1,0,5,19:23,4.226111111,1,4/5/2018,23,23,23
862,01:02,14.0,rat,00:50,01:11,695,1,0,5,19:23,5.658888889,1,5/5/2018,1,0,1
863,01:03,19.0,pick,00:50,01:11,766,0,1,5,19:23,5.678611111,1,5/5/2018,1,0,1
864,02:02,2.0,fast,02:02,02:07,13,0,1,5,19:23,6.658055556,1,5/5/2018,2,2,2
866,02:06,2.0,fast,02:02,02:07,233,0,1,5,19:23,6.719166667,1,5/5/2018,2,2,2
867,02:46,1.0,fast,02:45,02:47,81,0,1,5,19:23,7.392222222,1,5/5/2018,2,2,2
868,03:25,1.0,rat,03:22,03:29,179,1,0,5,19:23,8.043888889,1,5/5/2018,3,3,3
869,03:26,18.0,rat,03:22,03:29,237,1,0,5,19:23,8.06,1,5/5/2018,3,3,3
872,19:11,1.0,rat,18:58,19:25,790,1,0,5,19:22,-0.1675,1,3/5/2018,19,18,19
874,19:14,4.0,rat,18:58,19:25,930,1,0,5,19:22,-0.128611111,1,3/5/2018,19,18,19
875,20:18,2.0,not_sure_rat,20:18,20:18,43,1,0,5,19:22,0.949166667,1,3/5/2018,20,20,20
876,20:58,0.042337019,rat,20:57,21:07,40,1,0,5,19:22,1.61,1,3/5/2018,20,20,21
878,23:49,22.0,rat_and_bat_and_pick,23:46,23:52,200,1,1,5,19:22,4.460277778,1,3/5/2018,23,23,23
880,23:51,28.0,pick,23:46,23:52,326,0,1,5,19:22,4.495277778,1,3/5/2018,23,23,23
881,00:12,5.0,rat,00:09,00:30,153,1,0,5,19:22,4.833888889,1,4/5/2018,0,0,0
882,00:22,18.0,rat,00:09,00:30,764,1,0,5,19:22,5.003611111,1,4/5/2018,0,0,0
883,00:22,20.0,rat,00:09,00:30,774,1,0,5,19:22,5.006388889,1,4/5/2018,0,0,0
884,01:57,0.018395555,rat,01:57,02:07,9,1,0,5,19:22,6.598055556,1,4/5/2018,1,1,2
885,02:04,4.0,fast,01:57,02:07,385,0,1,5,19:22,6.7025,1,4/5/2018,2,1,2
886,02:06,11.0,bat,01:57,02:07,505,1,0,5,19:22,6.735833333,1,4/5/2018,2,1,2
887,02:06,4.0,fast,01:57,02:07,519,0,1,5,19:22,6.739722222,1,4/5/2018,2,1,2
888,02:06,10.0,pick,01:57,02:07,555,0,1,5,19:22,6.749722222,1,4/5/2018,2,1,2
890,02:58,10.0,bat_fight,02:55,03:14,142,1,0,5,19:22,7.604722222,1,4/5/2018,2,2,3
892,02:58,1.0,fast,02:55,03:14,164,0,1,5,19:22,7.610833333,1,4/5/2018,2,2,3
893,03:00,5.0,pick,02:55,03:14,248,0,1,5,19:22,7.634166667,1,4/5/2018,3,2,3
896,03:05,0.062233499,fast,02:55,03:14,547,0,1,5,19:22,7.717222222,1,4/5/2018,3,2,3
897,03:05,6.0,pick_bat,02:55,03:14,593,1,1,5,19:22,7.73,1,4/5/2018,3,2,3
898,03:06,8.0,pick,02:55,03:14,620,0,1,5,19:22,7.7375,1,4/5/2018,3,2,3
899,03:06,5.0,rat,02:55,03:14,636,1,0,5,19:22,7.741944444,1,4/5/2018,3,2,3
900,03:09,8.0,rat,02:55,03:14,810,1,0,5,19:22,7.790277778,1,4/5/2018,3,2,3
901,03:20,4.0,rat,03:20,03:21,23,1,0,5,19:22,7.981388889,1,4/5/2018,3,3,3
902,04:18,2.0,rat,04:14,04:30,224,1,0,5,19:22,8.933333333,1,4/5/2018,4,4,4
903,04:18,1.0,fast,04:14,04:30,275,0,1,5,19:22,8.9475,1,4/5/2018,4,4,4
904,04:19,22.0,pick,04:14,04:30,310,0,1,5,19:22,8.957222222,1,4/5/2018,4,4,4
905,23:51,2.0,fast,23:46,23:52,339,0,1,5,19:22,4.498888889,1,3/5/2018,23,23,23
