time,month,hours_after_sunset,bat_landing_number,food_availability,rat_minutes,rat_arrival_number
26/12/2017 16:13,0,-0.5,20,4.0,0.0,0
26/12/2017 16:43,0,0.0,28,4.0,0.0,0
26/12/2017 17:13,0,0.5,25,4.0,0.0,0
26/12/2017 17:43,0,1.0,71,4.0,0.0,0
26/12/2017 18:13,0,1.5,44,3.753856942,0.0,0
26/12/2017 18:43,0,2.0,44,3.147265077,0.0,0
26/12/2017 19:13,0,2.5,41,3.0,0.0,0
26/12/2017 19:43,0,3.0,54,3.0,0.0,0
26/12/2017 20:13,0,3.5,32,3.0,0.0,0
26/12/2017 22:43,0,6.0,45,1.958064516,0.0,0
26/12/2017 23:13,0,6.5,30,1.55,0.0,0
26/12/2017 23:43,0,7.0,44,1.049289229,0.0,0
27/12/2017 0:13,0,7.5,30,0.542372881,0.0,0
27/12/2017 16:13,0,-0.5,13,4.0,0.0,0
27/12/2017 16:43,0,0.0,18,4.0,0.0,0
27/12/2017 17:13,0,0.5,31,4.0,0.0,0
27/12/2017 17:43,0,1.0,35,4.0,0.0,0
27/12/2017 18:13,0,1.5,22,4.0,0.0,0
27/12/2017 18:43,0,2.0,24,3.964516129,0.0,0
27/12/2017 19:13,0,2.5,30,3.566666667,0.0,0
27/12/2017 19:43,0,3.0,73,3.102150538,0.0,0
27/12/2017 20:13,0,3.5,67,3.0,0.0,0
27/12/2017 20:43,0,4.0,2,3.0,0.0,0
27/12/2017 21:13,0,4.5,25,3.0,0.0,0
27/12/2017 21:43,0,5.0,48,2.970430108,0.0,0
27/12/2017 22:13,0,5.5,52,2.583333333,0.0,0
27/12/2017 22:43,0,6.0,61,2.112903226,0.0,0
27/12/2017 23:13,0,6.5,17,2.0,0.0,0
27/12/2017 23:43,0,7.0,12,2.0,0.0,0
28/12/2017 0:13,0,7.5,11,2.0,0.0,0
28/12/2017 1:13,0,8.5,40,1.555555556,0.0,0
28/12/2017 1:43,0,9.0,37,1.107526882,0.0,0
28/12/2017 2:13,0,9.5,34,1.0,0.0,0
28/12/2017 2:43,0,10.0,23,1.0,0.0,0
28/12/2017 3:13,0,10.5,21,1.0,0.0,0
28/12/2017 4:43,0,12.0,3,0.442307692,0.0,0
28/12/2017 16:14,0,-0.5,8,4.0,0.0,0
28/12/2017 16:44,0,0.0,3,4.0,0.0,0
28/12/2017 17:14,0,0.5,24,4.0,0.0,0
28/12/2017 17:44,0,1.0,23,4.0,0.0,0
28/12/2017 18:14,0,1.5,48,4.0,0.0,0
28/12/2017 18:44,0,2.0,55,3.962648557,0.0,0
28/12/2017 20:14,0,3.5,32,3.0,0.0,0
28/12/2017 20:44,0,4.0,29,3.0,0.0,0
28/12/2017 21:14,0,4.5,50,3.0,0.0,0
28/12/2017 21:44,0,5.0,49,2.951877314,0.0,0
28/12/2017 22:14,0,5.5,57,2.540983607,0.0,0
28/12/2017 22:44,0,6.0,66,2.090428345,0.0,0
28/12/2017 23:14,0,6.5,52,2.0,0.0,0
28/12/2017 23:44,0,7.0,42,2.0,0.0,0
29/12/2017 0:14,0,7.5,29,2.0,0.0,0
29/12/2017 0:44,0,8.0,38,1.951075269,0.0,0
29/12/2017 1:14,0,8.5,44,1.533333333,0.0,0
29/12/2017 1:44,0,9.0,23,1.082258065,0.0,0
29/12/2017 2:14,0,9.5,25,1.0,0.0,0
29/12/2017 2:44,0,10.0,31,0.947076613,0.0,0
29/12/2017 3:14,0,10.5,24,0.546875,0.0,0
29/12/2017 14:45,0,-2.0,7,4.0,0.0,0
29/12/2017 15:15,0,-1.5,1,4.0,0.0,0
29/12/2017 15:45,0,-1.0,1,4.0,0.0,0
29/12/2017 16:15,0,-0.5,6,4.0,0.0,0
29/12/2017 16:45,0,0.0,7,4.0,0.0,0
29/12/2017 17:15,0,0.5,14,4.0,0.0,0
29/12/2017 17:45,0,1.0,14,4.0,0.0,0
29/12/2017 18:45,0,2.0,19,3.949388209,0.0,0
29/12/2017 19:15,0,2.5,26,3.517241379,0.0,0
29/12/2017 19:45,0,3.0,29,3.066740823,0.0,0
29/12/2017 20:15,0,3.5,15,3.0,0.0,0
29/12/2017 20:45,0,4.0,67,3.0,0.0,0
29/12/2017 21:15,0,4.5,56,3.0,0.0,0
29/12/2017 21:45,0,5.0,45,3.0,0.0,0
29/12/2017 22:15,0,5.5,60,3.0,0.0,0
29/12/2017 22:45,0,6.0,59,3.0,0.0,0
29/12/2017 23:45,0,7.0,49,2.939516129,0.0,0
30/12/2017 0:15,0,7.5,42,2.53125,0.0,0
30/12/2017 0:45,0,8.0,39,2.057747696,0.0,0
30/12/2017 1:15,0,8.5,47,1.535714286,0.0,0
30/12/2017 1:45,0,9.0,30,1.069124424,0.0,0
30/12/2017 2:15,0,9.5,41,1.0,0.0,0
30/12/2017 2:45,0,10.0,34,1.0,0.0,0
30/12/2017 3:15,0,10.5,23,1.0,0.0,0
30/12/2017 3:45,0,11.0,13,0.943074004,0.0,0
30/12/2017 4:15,0,11.5,16,0.558823529,0.0,0
30/12/2017 16:45,0,0.0,21,4.0,0.0,0
30/12/2017 17:15,0,0.5,32,4.0,0.0,0
30/12/2017 17:45,0,1.0,13,4.0,0.0,0
30/12/2017 18:45,0,2.0,20,3.955857385,0.0,0
30/12/2017 19:15,0,2.5,35,3.526315789,0.0,0
30/12/2017 20:15,0,3.5,33,3.0,0.0,0
30/12/2017 20:45,0,4.0,39,3.0,0.0,0
30/12/2017 21:15,0,4.5,25,3.0,0.0,0
30/12/2017 21:45,0,5.0,10,3.0,0.0,0
30/12/2017 22:15,0,5.5,64,3.0,0.0,0
30/12/2017 22:45,0,6.0,41,3.0,0.0,0
30/12/2017 23:15,0,6.5,5,3.0,0.0,0
30/12/2017 23:45,0,7.0,31,2.943548387,0.0,0
31/12/2017 0:15,0,7.5,45,2.516666667,0.0,0
31/12/2017 0:45,0,8.0,42,2.07311828,0.0,0
31/12/2017 1:15,0,8.5,53,2.0,0.0,0
31/12/2017 1:45,0,9.0,45,2.0,0.0,0
31/12/2017 2:15,0,9.5,27,2.0,0.0,0
31/12/2017 2:45,0,10.0,24,1.957353745,0.0,0
31/12/2017 3:15,0,10.5,26,1.542372881,0.0,0
31/12/2017 3:45,0,11.0,17,1.083652269,0.0,0
31/12/2017 4:15,0,11.5,8,1.0,0.0,0
31/12/2017 4:45,0,12.0,12,1.0,0.0,0
31/12/2017 5:15,0,12.5,6,1.0,0.0,0
31/12/2017 6:15,0,13.5,5,1.0,0.0,0
31/12/2017 15:46,0,-1.0,1,4.0,0.0,0
31/12/2017 16:16,0,-0.5,15,4.0,0.0,0
31/12/2017 16:46,0,0.0,4,4.0,0.0,0
31/12/2017 17:16,0,0.5,3,4.0,0.0,0
31/12/2017 17:46,0,1.0,14,4.0,0.0,0
31/12/2017 18:16,0,1.5,14,3.723839496,0.0,0
31/12/2017 18:46,0,2.0,31,3.094413847,0.0,0
31/12/2017 19:16,0,2.5,22,3.0,0.0,0
31/12/2017 19:46,0,3.0,19,3.0,0.0,0
31/12/2017 20:16,0,3.5,29,3.0,0.0,0
31/12/2017 20:46,0,4.0,24,3.0,0.0,0
31/12/2017 21:16,0,4.5,38,3.0,0.0,0
31/12/2017 21:46,0,5.0,20,3.0,0.0,0
31/12/2017 22:16,0,5.5,17,3.0,0.0,0
31/12/2017 22:46,0,6.0,18,2.92688172,0.0,0
31/12/2017 23:16,0,6.5,28,2.483333333,0.0,0
31/12/2017 23:46,0,7.0,45,2.056451613,0.0,0
1/01/2018 0:16,1,7.5,34,2.0,0.0,0
1/01/2018 0:46,1,8.0,35,2.0,0.0,0
1/01/2018 1:16,1,8.5,31,2.0,0.0,0
1/01/2018 2:16,1,9.5,27,1.483333333,0.0,0
1/01/2018 2:46,1,10.0,38,1.056451613,0.0,0
1/01/2018 3:16,1,10.5,54,1.0,0.0,0
1/01/2018 3:46,1,11.0,13,1.0,0.0,0
1/01/2018 4:16,1,11.5,8,1.0,0.0,0
1/01/2018 4:46,1,12.0,27,1.0,0.0,0
1/01/2018 5:16,1,12.5,22,1.0,0.0,0
1/01/2018 16:17,1,-0.5,9,4.0,0.0,0
1/01/2018 16:47,1,0.0,18,4.0,0.0,0
1/01/2018 17:17,1,0.5,12,4.0,0.0,0
1/01/2018 17:47,1,1.0,17,4.0,0.0,0
1/01/2018 18:17,1,1.5,29,4.0,0.0,0
1/01/2018 18:47,1,2.0,37,3.94160178,0.0,0
1/01/2018 19:17,1,2.5,32,3.5,0.0,0
1/01/2018 19:47,1,3.0,25,3.05839822,0.0,0
1/01/2018 20:17,1,3.5,16,3.0,0.0,0
1/01/2018 20:47,1,4.0,62,3.0,0.0,0
1/01/2018 21:17,1,4.5,42,3.0,0.0,0
1/01/2018 21:47,1,5.0,49,3.0,0.0,0
1/01/2018 22:17,1,5.5,50,3.0,0.0,0
1/01/2018 22:47,1,6.0,66,2.920395421,0.0,0
1/01/2018 23:17,1,6.5,39,2.483870968,0.0,0
1/01/2018 23:47,1,7.0,52,2.062434964,0.0,0
2/01/2018 0:17,1,7.5,39,2.0,0.0,0
2/01/2018 0:47,1,8.0,23,2.0,0.0,0
2/01/2018 1:17,1,8.5,40,2.0,0.0,0
2/01/2018 1:47,1,9.0,34,1.837760911,0.0,0
2/01/2018 2:17,1,9.5,28,1.235294118,0.0,0
3/01/2018 16:18,1,-0.5,20,4.0,0.0,0
3/01/2018 16:48,1,0.0,10,4.0,0.0,0
3/01/2018 17:18,1,0.5,10,4.0,0.0,0
3/01/2018 17:48,1,1.0,5,4.0,0.0,0
3/01/2018 18:18,1,1.5,24,4.0,0.0,0
3/01/2018 18:48,1,2.0,16,3.938021022,0.0,0
3/01/2018 19:18,1,2.5,11,3.629213483,0.0,0
3/01/2018 19:48,1,3.0,12,3.292134831,0.0,0
3/01/2018 20:18,1,3.5,10,3.023921711,0.0,0
3/01/2018 20:48,1,4.0,16,3.0,0.0,0
3/01/2018 21:18,1,4.5,30,3.0,0.0,0
3/01/2018 21:48,1,5.0,21,3.0,0.0,0
3/01/2018 22:18,1,5.5,32,3.0,0.0,0
3/01/2018 22:48,1,6.0,40,2.9243604,0.0,0
3/01/2018 23:18,1,6.5,32,2.465517241,0.0,0
3/01/2018 23:48,1,7.0,32,2.043381535,0.0,0
4/01/2018 0:18,1,7.5,23,2.0,0.0,0
4/01/2018 0:48,1,8.0,29,2.0,0.0,0
4/01/2018 1:18,1,8.5,14,2.0,0.0,0
4/01/2018 1:48,1,9.0,20,1.929240375,0.0,0
4/01/2018 2:18,1,9.5,17,1.5,0.0,0
4/01/2018 2:48,1,10.0,16,1.070759625,0.0,0
4/01/2018 3:18,1,10.5,16,1.0,0.0,0
4/01/2018 3:48,1,11.0,15,1.0,0.0,0
4/01/2018 15:49,1,-1.0,1,4.0,0.0,0
4/01/2018 16:19,1,-0.5,13,4.0,0.0,0
4/01/2018 16:49,1,0.0,23,4.0,0.0,0
4/01/2018 17:19,1,0.5,33,4.0,0.0,0
4/01/2018 17:49,1,1.0,26,3.914905451,0.0,0
4/01/2018 18:19,1,1.5,56,3.448275862,0.0,0
4/01/2018 18:49,1,2.0,32,3.036707453,0.0,0
4/01/2018 19:19,1,2.5,40,3.0,0.0,0
4/01/2018 19:49,1,3.0,41,3.0,0.0,0
4/01/2018 20:19,1,3.5,30,3.0,0.0,0
4/01/2018 20:49,1,4.0,21,2.897849462,0.0,0
4/01/2018 21:19,1,4.5,60,2.433333333,0.0,0
4/01/2018 21:49,1,5.0,62,2.035483871,0.0,0
4/01/2018 22:19,1,5.5,53,2.0,0.0,0
4/01/2018 22:49,1,6.0,49,2.0,0.0,0
4/01/2018 23:19,1,6.5,45,2.0,0.0,0
4/01/2018 23:49,1,7.0,47,2.0,0.0,0
5/01/2018 0:19,1,7.5,36,2.0,0.0,0
5/01/2018 0:49,1,8.0,31,1.906506288,0.0,0
5/01/2018 1:49,1,9.0,25,1.036085293,0.0,0
5/01/2018 2:19,1,9.5,13,1.0,0.0,0
5/01/2018 4:19,1,11.5,14,1.0,0.0,0
5/01/2018 5:19,1,12.5,14,1.0,0.0,0
5/01/2018 5:49,1,13.0,10,1.0,0.0,0
5/01/2018 15:20,1,-1.5,2,4.0,0.0,0
5/01/2018 15:50,1,-1.0,8,4.0,0.0,0
5/01/2018 21:50,1,5.0,3,3.998511166,0.0,0
5/01/2018 22:20,1,5.5,49,3.738461538,0.0,0
5/01/2018 22:50,1,6.0,57,3.276923077,0.0,0
5/01/2018 23:20,1,6.5,54,3.002977667,0.0,0
5/01/2018 23:50,1,7.0,47,2.909571655,0.0,0
6/01/2018 0:20,1,7.5,43,2.459016393,0.0,0
6/01/2018 0:50,1,8.0,40,2.048122686,0.0,0
6/01/2018 1:20,1,8.5,40,2.0,0.0,0
6/01/2018 1:50,1,9.0,37,2.0,0.0,0
6/01/2018 2:20,1,9.5,31,2.0,0.0,0
6/01/2018 2:50,1,10.0,20,1.913412564,0.0,0
6/01/2018 3:20,1,10.5,9,1.438596491,0.0,0
6/01/2018 3:50,1,11.0,8,1.031126203,0.0,0
6/01/2018 4:20,1,11.5,12,1.0,0.0,0
6/01/2018 5:20,1,12.5,5,1.0,0.0,0
6/01/2018 6:20,1,13.5,1,1.0,0.0,0
8/01/2018 16:22,1,-0.5,5,4.0,0.0,0
8/01/2018 16:52,1,0.0,12,4.0,0.0,0
8/01/2018 17:22,1,0.5,9,4.0,0.0,0
8/01/2018 17:52,1,1.0,8,4.0,0.0,0
8/01/2018 18:22,1,1.5,12,4.0,0.0,0
8/01/2018 18:52,1,2.0,24,4.0,0.0,0
8/01/2018 19:22,1,2.5,34,4.0,0.0,0
8/01/2018 19:52,1,3.0,29,3.866208355,0.0,0
8/01/2018 20:22,1,3.5,30,3.393442623,0.0,0
8/01/2018 20:52,1,4.0,21,3.023796933,0.0,0
8/01/2018 21:22,1,4.5,23,3.0,0.0,0
8/01/2018 21:52,1,5.0,35,3.0,0.0,0
8/01/2018 22:22,1,5.5,14,3.0,0.0,0
8/01/2018 22:52,1,6.0,35,2.890738814,0.0,0
8/01/2018 23:22,1,6.5,54,2.435483871,0.0,0
8/01/2018 23:52,1,7.0,51,2.040582726,0.0,0
9/01/2018 1:22,1,8.5,58,2.0,0.0,0
9/01/2018 1:52,1,9.0,30,1.863978495,0.0,0
9/01/2018 2:22,1,9.5,27,1.383333333,0.0,0
9/01/2018 2:52,1,10.0,44,1.019354839,0.0,0
9/01/2018 3:22,1,10.5,25,1.0,0.0,0
9/01/2018 3:52,1,11.0,16,1.0,0.0,0
9/01/2018 4:22,1,11.5,14,1.0,0.0,0
9/01/2018 4:52,1,12.0,5,1.0,0.0,0
9/01/2018 5:22,1,12.5,4,1.0,0.0,0
9/01/2018 5:52,1,13.0,2,1.0,0.0,0
9/01/2018 18:23,1,1.5,17,4.0,0.0,0
9/01/2018 18:53,1,2.0,26,4.0,0.0,0
9/01/2018 19:23,1,2.5,12,4.0,0.0,0
9/01/2018 19:53,1,3.0,42,4.0,0.0,0
9/01/2018 20:23,1,3.5,14,4.0,0.0,0
9/01/2018 20:53,1,4.0,16,4.0,0.0,0
9/01/2018 21:23,1,4.5,36,4.0,0.0,0
9/01/2018 21:53,1,5.0,34,4.0,0.0,0
9/01/2018 22:23,1,5.5,30,4.0,0.0,0
9/01/2018 22:53,1,6.0,16,4.0,0.0,0
9/01/2018 23:23,1,6.5,50,4.0,0.0,0
9/01/2018 23:53,1,7.0,35,4.0,0.0,0
10/01/2018 0:23,1,7.5,29,4.0,0.0,0
10/01/2018 0:53,1,8.0,40,3.877842411,0.0,0
10/01/2018 1:23,1,8.5,48,3.409836066,0.0,0
10/01/2018 2:23,1,9.5,39,3.0,0.0,0
10/01/2018 2:53,1,10.0,38,3.0,0.0,0
10/01/2018 3:23,1,10.5,38,3.0,0.0,0
10/01/2018 4:23,1,11.5,23,2.366666667,0.0,0
10/01/2018 4:53,1,12.0,11,2.015053763,0.0,0
10/01/2018 5:23,1,12.5,8,2.0,0.0,0
10/01/2018 5:53,1,13.0,4,1.851612903,0.0,0
10/01/2018 6:23,1,13.5,2,1.366666667,0.0,0
10/01/2018 15:54,1,-1.0,3,4.0,0.0,0
10/01/2018 16:24,1,-0.5,7,4.0,0.0,0
10/01/2018 16:54,1,0.0,4,4.0,0.0,0
10/01/2018 17:24,1,0.5,7,4.0,0.0,0
10/01/2018 17:54,1,1.0,8,4.0,0.0,0
10/01/2018 18:24,1,1.5,27,4.0,0.0,0
10/01/2018 18:54,1,2.0,32,3.846390169,0.0,0
10/01/2018 19:24,1,2.5,50,3.380952381,0.0,0
10/01/2018 19:54,1,3.0,37,3.023041475,0.0,0
10/01/2018 20:24,1,3.5,35,3.0,0.0,0
10/01/2018 20:54,1,4.0,40,2.841353781,0.0,0
10/01/2018 21:24,1,4.5,23,2.360655738,0.0,0
10/01/2018 21:54,1,5.0,12,2.01480698,0.0,0
10/01/2018 22:24,1,5.5,40,2.0,0.0,0
10/01/2018 22:54,1,6.0,47,2.0,0.0,0
11/01/2018 0:24,1,7.5,24,1.383333333,0.0,0
11/01/2018 0:54,1,8.0,26,1.019354839,0.0,0
11/01/2018 1:24,1,8.5,34,1.0,0.0,0
27/01/2018 19:39,1,2.5,68,4.0,0.0,0
27/01/2018 20:09,1,3.0,61,4.0,0.0,0
27/01/2018 21:09,1,4.0,72,4.0,0.0,0
27/01/2018 21:39,1,4.5,75,3.991359447,0.0,0
27/01/2018 22:09,1,5.0,69,3.642857143,0.0,0
27/01/2018 22:39,1,5.5,44,3.120967742,0.0,0
27/01/2018 23:09,1,6.0,60,2.8,0.0,0
28/01/2018 0:09,1,7.0,62,2.3,0.0,0
28/01/2018 0:39,1,7.5,48,2.062096774,0.0,0
28/01/2018 1:09,1,8.0,49,2.0,0.0,0
28/01/2018 1:39,1,8.5,44,1.991359447,0.0,0
28/01/2018 2:09,1,9.0,49,1.642857143,0.0,0
28/01/2018 2:39,1,9.5,33,1.133064516,0.0,0
28/01/2018 3:09,1,10.0,35,1.0,0.0,0
28/01/2018 4:39,1,11.5,9,1.0,0.0,0
28/01/2018 16:40,1,-0.5,2,4.0,0.0,0
28/01/2018 17:10,1,0.0,7,4.0,0.0,0
28/01/2018 17:40,1,0.5,15,4.0,0.0,0
28/01/2018 18:10,1,1.0,18,4.0,0.0,0
28/01/2018 18:40,1,1.5,20,4.0,0.0,0
28/01/2018 19:10,1,2.0,53,4.0,0.0,0
28/01/2018 20:40,1,3.5,44,3.112903226,0.0,0
28/01/2018 21:10,1,4.0,77,3.0,0.0,0
28/01/2018 22:40,1,5.5,79,2.98811545,0.0,0
28/01/2018 23:10,1,6.0,64,2.631578947,0.0,0
28/01/2018 23:40,1,6.5,80,2.130730051,0.0,0
29/01/2018 0:10,1,7.0,64,2.0,0.0,0
29/01/2018 0:40,1,7.5,66,1.972278226,0.0,0
29/01/2018 1:40,1,8.5,55,1.151209677,0.0,0
29/01/2018 2:10,1,9.0,56,1.0,0.0,0
29/01/2018 2:40,1,9.5,50,0.971383975,0.0,0
29/01/2018 3:10,1,10.0,40,0.596774194,0.0,0
30/01/2018 15:12,1,-2.0,4,4.0,0.0,0
30/01/2018 15:42,1,-1.5,7,4.0,0.0,0
30/01/2018 16:12,1,-1.0,3,4.0,0.0,0
30/01/2018 16:42,1,-0.5,3,4.0,0.0,0
30/01/2018 17:12,1,0.0,1,4.0,0.0,0
30/01/2018 17:42,1,0.5,12,4.0,0.0,0
30/01/2018 18:12,1,1.0,26,4.0,0.0,0
30/01/2018 18:42,1,1.5,38,3.958751983,0.0,0
30/01/2018 19:12,1,2.0,52,3.557377049,0.0,0
30/01/2018 19:42,1,2.5,71,3.100475939,0.0,0
30/01/2018 20:12,1,3.0,59,3.0,0.0,0
30/01/2018 20:42,1,3.5,66,3.0,0.0,0
30/01/2018 21:12,1,4.0,92,3.0,0.0,0
30/01/2018 21:42,1,4.5,72,2.975396391,0.0,0
30/01/2018 22:42,1,5.5,90,2.11481684,0.0,0
30/01/2018 23:12,1,6.0,84,2.0,0.0,0
30/01/2018 23:42,1,6.5,77,2.0,0.0,0
31/01/2018 0:12,1,7.0,69,2.0,0.0,0
31/01/2018 0:42,1,7.5,44,1.958064516,0.0,0
31/01/2018 1:12,1,8.0,55,1.55,0.0,0
31/01/2018 1:42,1,8.5,46,1.05,0.0,0
31/01/2018 2:12,1,9.0,40,0.55,0.0,0
31/01/2018 17:43,1,0.5,2,4.0,0.0,0
31/01/2018 18:13,1,1.0,52,4.0,0.0,0
31/01/2018 18:43,1,1.5,63,3.974654378,0.0,0
31/01/2018 20:13,1,3.0,84,3.0,0.0,0
31/01/2018 21:13,1,4.0,79,2.797653959,0.0,0
31/01/2018 21:43,1,4.5,78,2.169354839,0.0,0
31/01/2018 22:43,1,5.5,78,1.958751983,0.0,0
31/01/2018 23:13,1,6.0,102,1.557377049,0.0,0
31/01/2018 23:43,1,6.5,100,1.06557377,0.0,0
1/02/2018 0:13,2,7.0,88,0.573770492,0.0,0
1/02/2018 16:14,2,-1.0,17,4.0,0.0,0
1/02/2018 16:44,2,-0.5,58,4.0,0.0,0
1/02/2018 17:14,2,0.0,29,4.0,0.0,0
1/02/2018 17:44,2,0.5,25,4.0,0.0,0
1/02/2018 18:14,2,1.0,41,4.0,0.0,0
1/02/2018 18:44,2,1.5,48,3.951877314,0.0,0
1/02/2018 19:14,2,2.0,46,3.540983607,0.0,0
1/02/2018 19:44,2,2.5,43,3.090428345,0.0,0
1/02/2018 20:14,2,3.0,56,3.0,0.0,0
1/02/2018 20:44,2,3.5,54,3.0,0.0,0
1/02/2018 21:14,2,4.0,65,3.0,0.0,0
1/02/2018 21:44,2,4.5,57,2.944473823,0.0,0
1/02/2018 22:14,2,5.0,81,2.524590164,0.0,0
1/02/2018 22:44,2,5.5,72,2.080909572,0.0,0
1/02/2018 23:14,2,6.0,74,2.0,0.0,0
1/02/2018 23:44,2,6.5,68,1.944473823,0.0,0
2/02/2018 1:14,2,8.0,51,0.533333333,0.0,0
2/02/2018 17:15,2,0.0,12,4.0,0.0,0
2/02/2018 18:45,2,1.5,45,4.0,0.0,0
2/02/2018 19:15,2,2.0,66,3.810569664,0.0,0
2/02/2018 19:45,2,2.5,56,3.193805765,0.0,0
2/02/2018 20:45,2,3.5,74,2.089285714,0.0,0
2/02/2018 21:15,2,4.0,76,1.553571429,0.0,0
2/02/2018 21:45,2,4.5,76,1.031942428,0.0,0
3/02/2018 15:16,2,-2.0,1,4.0,0.0,0
3/02/2018 15:46,2,-1.5,11,4.0,0.0,0
3/02/2018 16:16,2,-1.0,14,4.0,0.0,0
3/02/2018 16:46,2,-0.5,48,4.0,0.0,0
3/02/2018 17:16,2,0.0,29,4.0,0.0,0
3/02/2018 18:16,2,1.0,53,3.517241379,0.0,0
3/02/2018 18:46,2,1.5,67,3.066740823,0.0,0
3/02/2018 19:16,2,2.0,65,3.0,0.0,0
3/02/2018 19:46,2,2.5,87,2.94259158,0.0,0
3/02/2018 20:16,2,3.0,64,2.508474576,0.0,0
3/02/2018 20:46,2,3.5,83,2.001093494,0.0,0
3/02/2018 21:16,2,4.0,75,1.5,0.0,0
3/02/2018 21:46,2,4.5,92,1.064516129,0.0,0
3/02/2018 22:16,2,5.0,64,1.0,0.0,0
3/02/2018 22:46,2,5.5,43,1.0,0.0,0
4/02/2018 16:47,2,-0.5,41,4.0,0.0,0
4/02/2018 17:17,2,0.0,33,4.0,0.0,0
4/02/2018 17:47,2,0.5,54,4.0,0.0,0
4/02/2018 19:17,2,2.0,67,3.482758621,0.0,0
4/02/2018 19:47,2,2.5,59,3.050611791,0.0,0
4/02/2018 20:17,2,3.0,73,3.0,0.0,0
4/02/2018 20:47,2,3.5,62,3.0,0.0,0
4/02/2018 21:17,2,4.0,65,3.0,0.0,0
4/02/2018 21:47,2,4.5,87,2.948500283,0.0,0
4/02/2018 23:17,2,6.0,83,1.474576271,0.0,0
4/02/2018 23:47,2,6.5,94,0.967495899,0.0,0
5/02/2018 0:17,2,7.0,51,0.466666667,0.0,0
5/02/2018 15:48,2,-1.5,2,4.0,0.0,0
5/02/2018 16:18,2,-1.0,31,4.0,0.0,0
5/02/2018 16:48,2,-0.5,53,4.0,0.0,0
5/02/2018 17:18,2,0.0,58,4.0,0.0,0
5/02/2018 17:48,2,0.5,40,4.0,0.0,0
5/02/2018 18:18,2,1.0,67,4.0,0.0,0
5/02/2018 18:48,2,1.5,45,3.911030177,0.0,0
5/02/2018 19:18,2,2.0,69,3.467741935,0.0,0
5/02/2018 19:48,2,2.5,86,3.054630593,0.0,0
5/02/2018 20:18,2,3.0,89,3.0,0.0,0
5/02/2018 20:48,2,3.5,73,2.909571655,0.0,0
5/02/2018 21:18,2,4.0,96,2.459016393,0.0,0
5/02/2018 21:48,2,4.5,98,2.048122686,0.0,0
5/02/2018 22:18,2,5.0,82,2.0,0.0,0
5/02/2018 23:48,2,6.5,62,1.048924731,0.0,0
6/02/2018 0:18,2,7.0,81,1.0,0.0,0
6/02/2018 0:48,2,7.5,62,0.926336062,0.0,0
6/02/2018 1:18,2,8.0,39,0.52238806,0.0,0
7/02/2018 17:19,2,0.0,17,4.0,0.0,0
7/02/2018 19:49,2,2.5,42,3.901144641,0.0,0
7/02/2018 20:19,2,3.0,65,3.451612903,0.0,0
7/02/2018 20:49,2,3.5,64,3.047346514,0.0,0
7/02/2018 21:19,2,4.0,69,3.0,0.0,0
7/02/2018 22:19,2,5.0,81,2.482758621,0.0,0
7/02/2018 23:19,2,6.0,49,2.0,0.0,0
7/02/2018 23:49,2,6.5,58,2.0,0.0,0
8/02/2018 0:19,2,7.0,40,2.0,0.0,0
8/02/2018 0:49,2,7.5,45,1.92303339,0.0,0
8/02/2018 2:19,2,9.0,24,1.0,0.0,0
8/02/2018 2:49,2,9.5,27,1.0,0.0,0
8/02/2018 16:50,2,-0.5,2,4.0,0.0,0
8/02/2018 17:20,2,0.0,36,4.0,0.0,0
8/02/2018 17:50,2,0.5,9,4.0,0.0,0
8/02/2018 18:20,2,1.0,46,4.0,0.0,0
8/02/2018 18:50,2,1.5,45,4.0,0.0,0
8/02/2018 19:20,2,2.0,63,4.0,0.0,0
8/02/2018 19:50,2,2.5,50,3.913412564,0.0,0
8/02/2018 20:20,2,3.0,23,3.438596491,0.0,0
8/02/2018 20:50,2,3.5,32,3.031126203,0.0,0
8/02/2018 21:20,2,4.0,67,3.0,0.0,0
8/02/2018 21:50,2,4.5,70,3.0,0.0,0
8/02/2018 22:20,2,5.0,54,3.0,0.0,0
8/02/2018 22:50,2,5.5,60,2.887096774,0.0,0
8/02/2018 23:20,2,6.0,80,2.416666667,0.0,0
9/02/2018 1:20,2,8.0,50,2.0,0.0,0
9/02/2018 2:20,2,9.0,31,1.426229508,0.0,0
9/02/2018 2:50,2,9.5,31,1.034902168,0.0,0
9/02/2018 4:20,2,11.0,21,1.0,0.0,0
9/02/2018 4:50,2,11.5,3,1.0,0.0,0
9/02/2018 16:51,2,-0.5,1,4.0,0.0,0
9/02/2018 17:21,2,0.0,8,4.0,0.0,0
9/02/2018 17:51,2,0.5,15,4.0,0.0,0
9/02/2018 18:21,2,1.0,21,4.0,0.0,0
9/02/2018 18:51,2,1.5,50,3.989704873,0.0,0
9/02/2018 19:21,2,2.0,80,3.574468085,0.0,0
9/02/2018 20:21,2,3.0,64,3.0,0.0,0
9/02/2018 20:51,2,3.5,67,2.88518316,0.0,0
9/02/2018 21:21,2,4.0,79,2.406779661,0.0,0
9/02/2018 21:51,2,4.5,91,2.024603609,0.0,0
9/02/2018 22:21,2,5.0,90,2.0,0.0,0
9/02/2018 22:51,2,5.5,63,2.0,0.0,0
9/02/2018 23:21,2,6.0,73,2.0,0.0,0
9/02/2018 23:51,2,6.5,81,1.903225806,0.0,0
10/02/2018 1:21,2,8.0,53,1.0,0.0,0
10/02/2018 1:51,2,8.5,77,1.0,0.0,0
10/02/2018 2:21,2,9.0,43,1.0,0.0,0
10/02/2018 3:21,2,10.0,41,0.4,0.0,0
10/02/2018 17:52,2,0.5,73,4.0,0.0,0
10/02/2018 18:22,2,1.0,49,4.0,0.0,0
10/02/2018 18:52,2,1.5,39,4.0,0.0,0
10/02/2018 19:52,2,2.5,47,3.870455709,0.0,0
10/02/2018 20:22,2,3.0,75,3.412698413,0.0,0
10/02/2018 22:22,2,5.0,75,2.383333333,0.0,0
10/02/2018 22:52,2,5.5,60,2.019354839,0.0,0
10/02/2018 23:22,2,6.0,45,2.0,0.0,0
10/02/2018 23:52,2,6.5,63,1.875806452,0.0,0
11/02/2018 1:22,2,8.0,56,1.0,0.0,0
11/02/2018 2:22,2,9.0,51,0.396551724,0.0,0
11/02/2018 16:53,2,-0.5,6,4.0,0.0,0
11/02/2018 17:23,2,0.0,9,4.0,0.0,0
11/02/2018 17:53,2,0.5,13,4.0,0.0,0
11/02/2018 18:23,2,1.0,26,4.0,0.0,0
11/02/2018 18:53,2,1.5,56,3.920234604,0.0,0
11/02/2018 19:23,2,2.0,43,3.436363636,0.0,0
11/02/2018 19:53,2,2.5,56,3.026392962,0.0,0
11/02/2018 20:23,2,3.0,33,3.0,0.0,0
11/02/2018 20:53,2,3.5,52,3.0,0.0,0
11/02/2018 21:23,2,4.0,66,3.0,0.0,0
11/02/2018 21:53,2,4.5,46,2.860887097,0.0,0
11/02/2018 22:23,2,5.0,66,2.40625,0.0,0
11/02/2018 22:53,2,5.5,76,2.033266129,0.0,0
11/02/2018 23:23,2,6.0,66,2.0,0.0,0
11/02/2018 23:53,2,6.5,61,2.0,0.0,0
12/02/2018 0:23,2,7.0,54,2.0,0.0,0
12/02/2018 0:53,2,7.5,52,1.873701476,0.0,0
12/02/2018 1:23,2,8.0,35,1.389830508,0.0,0
12/02/2018 1:53,2,8.5,44,1.019682887,0.0,0
12/02/2018 2:23,2,9.0,39,1.0,0.0,0
12/02/2018 2:53,2,9.5,38,0.863978495,0.0,0
12/02/2018 16:24,2,-1.0,1,4.0,0.0,0
12/02/2018 16:54,2,-0.5,3,4.0,0.0,0
12/02/2018 17:24,2,0.0,7,4.0,0.0,0
12/02/2018 17:54,2,0.5,6,4.0,0.0,0
12/02/2018 18:24,2,1.0,28,4.0,0.0,0
12/02/2018 18:54,2,1.5,20,3.911866359,0.0,0
12/02/2018 19:24,2,2.0,49,3.428571429,0.0,0
12/02/2018 19:54,2,2.5,35,3.025921659,0.0,0
12/02/2018 20:24,2,3.0,61,3.0,0.0,0
12/02/2018 20:54,2,3.5,44,3.0,0.0,0
12/02/2018 21:24,2,4.0,44,3.0,0.0,0
12/02/2018 21:54,2,4.5,37,2.863978495,0.0,0
12/02/2018 22:24,2,5.0,58,2.383333333,0.0,0
12/02/2018 22:54,2,5.5,53,2.019354839,0.0,0
12/02/2018 23:24,2,6.0,40,2.0,0.0,0
12/02/2018 23:54,2,6.5,33,2.0,0.0,0
13/02/2018 0:54,2,7.5,48,1.869269949,0.0,0
13/02/2018 1:24,2,8.0,29,1.368421053,0.0,0
13/02/2018 1:54,2,8.5,36,1.01188455,0.0,0
13/02/2018 2:24,2,9.0,29,1.0,0.0,0
13/02/2018 15:55,2,-1.5,2,4.0,0.0,0
13/02/2018 16:25,2,-1.0,1,4.0,0.0,0
13/02/2018 16:55,2,-0.5,2,4.0,0.0,0
13/02/2018 17:25,2,0.0,1,4.0,0.0,0
13/02/2018 17:55,2,0.5,2,4.0,0.0,0
13/02/2018 18:25,2,1.0,15,4.0,0.0,0
13/02/2018 18:55,2,1.5,52,4.0,0.0,0
13/02/2018 19:25,2,2.0,53,4.0,0.0,0
13/02/2018 19:55,2,2.5,54,3.838709677,0.0,0
13/02/2018 20:25,2,3.0,72,3.35,0.0,0
13/02/2018 20:55,2,3.5,62,3.011290323,0.0,0
13/02/2018 21:25,2,4.0,62,3.0,0.0,0
13/02/2018 21:55,2,4.5,84,2.83358935,0.0,0
13/02/2018 22:25,2,5.0,68,2.365079365,0.0,0
13/02/2018 22:55,2,5.5,78,2.01843318,0.0,0
13/02/2018 23:25,2,6.0,41,2.0,0.0,0
13/02/2018 23:55,2,6.5,41,2.0,0.0,0
14/02/2018 0:25,2,7.0,49,2.0,0.0,0
14/02/2018 0:55,2,7.5,64,1.873701476,0.0,0
14/02/2018 1:25,2,8.0,36,1.389830508,0.0,0
14/02/2018 1:55,2,8.5,32,1.019682887,0.0,0
14/02/2018 2:25,2,9.0,29,1.0,0.0,0
14/02/2018 16:56,2,-0.5,5,4.0,0.0,0
14/02/2018 17:26,2,0.0,16,4.0,0.0,0
14/02/2018 17:56,2,0.5,11,4.0,0.0,0
14/02/2018 18:26,2,1.0,31,4.0,0.0,0
14/02/2018 18:56,2,1.5,52,3.934863524,0.0,0
14/02/2018 19:26,2,2.0,56,3.442307692,0.0,0
14/02/2018 19:56,2,2.5,47,3.022332506,0.0,0
14/02/2018 20:26,2,3.0,86,3.0,0.0,0
14/02/2018 20:56,2,3.5,54,2.83358935,0.0,0
14/02/2018 21:26,2,4.0,84,2.365079365,0.0,0
14/02/2018 22:56,2,5.5,91,1.854262673,0.0,0
14/02/2018 23:26,2,6.0,41,1.339285714,0.0,0
14/02/2018 23:56,2,6.5,76,1.005760369,0.0,0
15/02/2018 0:26,2,7.0,32,1.0,0.0,0
15/02/2018 0:56,2,7.5,34,0.828133263,0.0,0
15/02/2018 1:26,2,8.0,62,0.344262295,0.0,0
15/02/2018 16:26,2,-1.0,16,4.0,0.0,0
15/02/2018 16:56,2,-0.5,10,4.0,0.0,0
15/02/2018 17:26,2,0.0,8,4.0,0.0,0
15/02/2018 20:26,2,3.0,65,3.0,0.0,0
15/02/2018 20:56,2,3.5,72,3.0,0.0,0
15/02/2018 21:26,2,4.0,88,3.0,0.0,0
15/02/2018 21:56,2,4.5,50,2.830905307,0.0,0
15/02/2018 22:56,2,5.5,70,2.014568158,0.0,0
15/02/2018 23:26,2,6.0,55,2.0,0.0,0
15/02/2018 23:56,2,6.5,45,2.0,0.0,0
16/02/2018 0:26,2,7.0,43,2.0,0.0,0
16/02/2018 0:56,2,7.5,40,1.849097868,0.0,0
16/02/2018 1:26,2,8.0,48,1.355932203,0.0,0
16/02/2018 1:56,2,8.5,37,1.011481684,0.0,0
16/02/2018 2:26,2,9.0,34,1.0,0.0,0
16/02/2018 2:56,2,9.5,25,1.0,0.0,0
16/02/2018 3:26,2,10.0,6,1.0,0.0,0
16/02/2018 3:56,2,10.5,10,1.0,0.0,0
16/02/2018 17:27,2,0.0,10,4.0,0.0,0
16/02/2018 17:57,2,0.5,3,4.0,0.0,0
16/02/2018 18:27,2,1.0,17,4.0,0.0,0
16/02/2018 18:57,2,1.5,53,4.0,0.0,0
16/02/2018 19:27,2,2.0,57,4.0,0.0,0
16/02/2018 19:57,2,2.5,48,3.800105764,0.0,0
16/02/2018 20:27,2,3.0,45,3.31147541,0.0,0
16/02/2018 20:57,2,3.5,58,3.005288207,0.0,0
16/02/2018 21:27,2,4.0,45,3.0,0.0,0
16/02/2018 22:27,2,5.0,65,3.0,0.0,0
16/02/2018 22:57,2,5.5,70,2.796774194,0.0,0
16/02/2018 23:27,2,6.0,41,2.3,0.0,0
16/02/2018 23:57,2,6.5,52,2.003225806,0.0,0
17/02/2018 0:27,2,7.0,44,2.0,0.0,0
17/02/2018 0:57,2,7.5,59,2.0,0.0,0
17/02/2018 1:27,2,8.0,49,2.0,0.0,0
17/02/2018 1:57,2,8.5,37,2.0,0.0,0
17/02/2018 2:27,2,9.0,35,2.0,0.0,0
17/02/2018 2:57,2,9.5,52,1.843803056,0.0,0
17/02/2018 3:27,2,10.0,32,1.333333333,0.0,0
17/02/2018 3:57,2,10.5,15,1.00565931,0.0,0
17/02/2018 4:27,2,11.0,17,1.0,0.0,0
17/02/2018 15:58,2,-1.5,4,4.0,0.0,0
17/02/2018 16:28,2,-1.0,1,4.0,0.0,0
17/02/2018 18:28,2,1.0,40,4.0,0.0,0
17/02/2018 18:58,2,1.5,45,3.800105764,0.0,0
17/02/2018 19:28,2,2.0,55,3.31147541,0.0,0
17/02/2018 19:58,2,2.5,63,3.005288207,0.0,0
17/02/2018 21:28,2,4.0,71,3.0,0.0,0
17/02/2018 21:58,2,4.5,45,3.0,0.0,0
17/02/2018 22:28,2,5.0,63,3.0,0.0,0
17/02/2018 22:58,2,5.5,52,2.796774194,0.0,0
17/02/2018 23:58,2,6.5,72,2.003225806,0.0,0
18/02/2018 0:28,2,7.0,62,2.0,0.0,0
18/02/2018 0:58,2,7.5,78,2.0,0.0,0
18/02/2018 1:28,2,8.0,44,2.0,0.0,0
18/02/2018 1:58,2,8.5,52,1.814383924,0.0,0
18/02/2018 2:28,2,9.0,46,1.327868852,0.0,0
18/02/2018 2:58,2,9.5,56,0.82400475,0.0,0
18/02/2018 3:28,2,10.0,38,0.298245614,0.0,0
18/02/2018 15:59,2,-1.5,6,4.0,0.0,0
18/02/2018 16:29,2,-1.0,9,4.0,0.0,0
18/02/2018 17:59,2,0.5,9,4.0,0.0,0
18/02/2018 18:29,2,1.0,30,4.0,0.0,0
18/02/2018 18:59,2,1.5,46,4.0,0.0,0
18/02/2018 19:29,2,2.0,52,4.0,0.0,0
18/02/2018 20:29,2,3.0,71,3.266666667,0.0,0
18/02/2018 20:59,2,3.5,65,3.000537634,0.0,0
18/02/2018 21:29,2,4.0,52,3.0,0.0,0
18/02/2018 21:59,2,4.5,60,3.0,0.0,0
18/02/2018 22:29,2,5.0,52,3.0,0.0,0
18/02/2018 22:59,2,5.5,62,2.785298784,0.0,0
18/02/2018 23:29,2,6.0,59,2.295081967,0.0,0
18/02/2018 23:59,2,6.5,37,2.003172924,0.0,0
19/02/2018 0:59,2,7.5,47,1.777265745,0.0,0
19/02/2018 1:59,2,8.5,37,1.005120328,0.0,0
19/02/2018 2:29,2,9.0,32,1.0,0.0,0
19/02/2018 3:29,2,10.0,22,1.0,0.0,0
19/02/2018 3:59,2,10.5,11,1.0,0.0,0
19/02/2018 16:00,2,-1.5,8,4.0,0.0,0
19/02/2018 16:30,2,-1.0,1,4.0,0.0,0
19/02/2018 17:00,2,-0.5,4,4.0,0.0,0
19/02/2018 17:30,2,0.0,9,4.0,0.0,0
19/02/2018 18:00,2,0.5,19,4.0,0.0,0
19/02/2018 18:30,2,1.0,22,4.0,0.0,0
19/02/2018 19:00,2,1.5,41,4.0,0.0,0
19/02/2018 19:30,2,2.0,34,4.0,0.0,0
19/02/2018 20:00,2,2.5,43,3.769962983,0.0,0
19/02/2018 20:30,2,3.0,55,3.278688525,0.0,0
19/02/2018 21:00,2,3.5,84,3.001586462,0.0,0
19/02/2018 21:30,2,4.0,90,3.0,0.0,0
19/02/2018 22:00,2,4.5,90,3.0,0.0,0
19/02/2018 22:30,2,5.0,81,3.0,0.0,0
19/02/2018 23:00,2,5.5,58,2.774193548,0.0,0
19/02/2018 23:30,2,6.0,55,2.25862069,0.0,0
20/02/2018 0:00,2,6.5,32,2.0,0.0,0
20/02/2018 0:30,2,7.0,37,2.0,0.0,0
20/02/2018 1:00,2,7.5,50,2.0,0.0,0
20/02/2018 2:30,2,9.0,26,2.0,0.0,0
20/02/2018 3:30,2,10.0,20,1.322033898,0.0,0
20/02/2018 4:00,2,10.5,10,1.005467469,0.0,0
20/02/2018 4:30,2,11.0,10,1.0,0.0,0
20/02/2018 5:00,2,11.5,1,1.0,0.0,0
17/03/2018 17:20,3,-0.5,17,4.0,0.0,0
17/03/2018 17:50,3,0.0,10,4.0,0.0,0
17/03/2018 18:20,3,0.5,34,4.0,0.0,0
17/03/2018 18:50,3,1.0,26,3.890738814,0.0,0
17/03/2018 19:20,3,1.5,43,3.435483871,0.0,0
17/03/2018 19:50,3,2.0,77,3.040582726,0.0,0
17/03/2018 20:20,3,2.5,71,3.0,0.0,0
17/03/2018 20:50,3,3.0,88,3.0,0.0,0
17/03/2018 21:20,3,3.5,92,3.0,0.0,0
17/03/2018 21:50,3,4.0,93,2.917741935,0.0,0
17/03/2018 23:20,3,5.5,85,2.0,0.0,0
17/03/2018 23:50,3,6.0,96,1.902713774,0.0,0
18/03/2018 1:20,3,7.5,74,0.446428571,0.0,0
18/03/2018 16:20,3,-1.5,52,4.0,0.0,0
18/03/2018 16:50,3,-1.0,29,4.0,0.0,0
18/03/2018 17:20,3,-0.5,13,4.0,0.0,0
18/03/2018 17:50,3,0.0,14,4.0,0.0,0
18/03/2018 18:20,3,0.5,15,4.0,0.0,0
18/03/2018 18:50,3,1.0,12,4.0,0.0,0
18/03/2018 19:20,3,1.5,27,4.0,0.0,0
18/03/2018 19:50,3,2.0,41,3.908064516,0.0,0
18/03/2018 20:20,3,2.5,26,3.45,0.0,0
18/03/2018 20:50,3,3.0,41,3.041935484,0.0,0
18/03/2018 21:50,3,4.0,79,3.0,0.0,0
18/03/2018 22:20,3,4.5,92,3.0,0.0,0
18/03/2018 23:20,3,5.5,85,2.457627119,0.0,0
18/03/2018 23:50,3,6.0,93,2.042646255,0.0,0
19/03/2018 0:20,3,6.5,98,2.0,0.0,0
19/03/2018 0:50,3,7.0,55,1.890738814,0.0,0
19/03/2018 1:20,3,7.5,35,1.435483871,0.0,0
19/03/2018 1:50,3,8.0,29,1.040582726,0.0,0
19/03/2018 2:20,3,8.5,33,1.0,0.0,0
19/03/2018 2:50,3,9.0,35,1.0,0.0,0
19/03/2018 3:20,3,9.5,18,1.0,0.0,0
19/03/2018 17:21,3,-0.5,1,4.0,0.0,0
19/03/2018 17:51,3,0.0,6,4.0,0.0,0
19/03/2018 18:21,3,0.5,16,4.0,0.0,0
19/03/2018 19:21,3,1.5,11,4.0,0.0,0
19/03/2018 20:21,3,2.5,19,3.451612903,0.0,0
19/03/2018 20:51,3,3.0,35,3.047346514,0.0,0
19/03/2018 21:21,3,3.5,58,3.0,0.0,0
19/03/2018 21:51,3,4.0,48,3.0,0.0,0
19/03/2018 22:21,3,4.5,54,3.0,0.0,0
19/03/2018 22:51,3,5.0,53,3.0,0.0,0
19/03/2018 23:21,3,5.5,80,3.0,0.0,0
19/03/2018 23:51,3,6.0,43,3.0,0.0,0
20/03/2018 0:21,3,6.5,59,3.0,0.0,0
20/03/2018 0:51,3,7.0,39,3.0,0.0,0
20/03/2018 1:21,3,7.5,31,3.0,0.0,0
20/03/2018 2:21,3,8.5,28,2.423728814,0.0,0
20/03/2018 3:21,3,9.5,16,2.0,0.0,0
20/03/2018 3:51,3,10.0,14,2.0,0.0,0
20/03/2018 4:21,3,10.5,4,2.0,0.0,0
20/03/2018 5:21,3,11.5,5,2.0,0.0,0
20/03/2018 5:51,3,12.0,3,2.0,0.0,0
28/03/2018 17:57,3,-1.0,3,4.0,0.0,0
28/03/2018 18:27,3,-0.5,9,4.0,0.0,0
28/03/2018 18:57,3,0.0,10,4.0,0.0,0
28/03/2018 19:27,3,0.5,11,4.0,0.0,0
28/03/2018 19:57,3,1.0,11,3.820276498,0.0,0
28/03/2018 20:27,3,1.5,21,3.349206349,0.0,0
28/03/2018 20:57,3,2.0,31,3.014336918,0.0,0
28/03/2018 21:27,3,2.5,29,3.0,0.0,0
28/03/2018 21:57,3,3.0,33,3.0,0.0,0
28/03/2018 22:27,3,3.5,14,3.0,0.0,0
28/03/2018 22:57,3,4.0,44,3.0,0.0,0
28/03/2018 23:27,3,4.5,53,3.0,0.0,0
28/03/2018 23:57,3,5.0,46,3.0,0.0,0
29/03/2018 0:57,3,6.0,46,2.800105764,0.0,0
29/03/2018 1:27,3,6.5,46,2.31147541,0.0,0
29/03/2018 2:27,3,7.5,61,2.0,0.0,0
29/03/2018 2:57,3,8.0,21,2.0,0.0,0
29/03/2018 3:27,3,8.5,29,2.0,0.0,0
29/03/2018 3:57,3,9.0,16,2.0,0.0,0
29/03/2018 4:27,3,9.5,12,2.0,0.0,0
29/03/2018 4:57,3,10.0,7,2.0,0.0,0
30/03/2018 16:59,3,-2.0,2,4.0,0.0,0
30/03/2018 17:59,3,-1.0,1,4.0,0.0,0
30/03/2018 18:29,3,-0.5,9,4.0,0.0,0
30/03/2018 18:59,3,0.0,25,4.0,0.0,0
30/03/2018 19:29,3,0.5,13,4.0,0.0,0
30/03/2018 19:59,3,1.0,13,3.814383924,0.0,0
30/03/2018 20:29,3,1.5,74,3.327868852,0.0,0
30/03/2018 21:59,3,3.0,81,2.800105764,0.0,0
30/03/2018 22:29,3,3.5,56,2.31147541,0.0,0
30/03/2018 23:29,3,4.5,98,2.0,0.0,0
31/03/2018 0:29,3,5.5,94,2.0,0.0,0
31/03/2018 0:59,3,6.0,76,1.804783092,0.0,0
31/03/2018 1:59,3,7.0,28,0.779689297,0.0,0
31/03/2018 2:29,3,7.5,21,0.271186441,0.0,0
2/04/2018 17:01,4,-2.0,8,4.0,0.0,0
2/04/2018 17:31,4,-1.5,47,4.0,0.0,0
2/04/2018 18:01,4,-1.0,69,4.0,0.0,0
2/04/2018 18:31,4,-0.5,26,4.0,0.0,0
2/04/2018 19:01,4,0.0,39,4.0,0.0,0
2/04/2018 19:31,4,0.5,26,4.0,0.0,0
2/04/2018 20:01,4,1.0,54,3.778020776,0.0,0
2/04/2018 20:31,4,1.5,61,3.271186441,0.0,0
2/04/2018 21:01,4,2.0,76,3.000546747,0.0,0
2/04/2018 22:31,4,3.5,82,2.25862069,0.0,0
3/04/2018 0:01,4,5.0,62,2.0,0.0,0
3/04/2018 1:31,4,6.5,60,1.274193548,0.0,0
3/04/2018 2:01,4,7.0,49,1.001560874,0.0,0
3/04/2018 2:31,4,7.5,43,1.0,0.0,0
3/04/2018 3:01,4,8.0,35,1.0,0.0,0
3/04/2018 3:31,4,8.5,17,1.0,0.0,0
3/04/2018 4:01,4,9.0,13,1.0,0.0,0
3/04/2018 17:01,4,-2.0,2,4.0,0.0,0
3/04/2018 18:31,4,-0.5,22,3.365384615,0.0,0
3/04/2018 19:01,4,0.0,14,3.006203474,0.0,0
3/04/2018 19:31,4,0.5,16,3.0,0.0,0
3/04/2018 20:01,4,1.0,21,3.0,0.0,0
3/04/2018 20:31,4,1.5,27,3.0,0.0,0
3/04/2018 22:01,4,3.0,54,3.0,0.0,0
3/04/2018 22:31,4,3.5,60,3.0,0.0,0
4/04/2018 0:01,4,5.0,57,2.003172924,0.0,0
4/04/2018 1:01,4,6.0,69,2.0,0.0,0
4/04/2018 1:31,4,6.5,50,2.0,0.0,0
4/04/2018 2:01,4,7.0,50,2.0,0.0,0
4/04/2018 2:31,4,7.5,37,2.0,0.0,0
4/04/2018 3:01,4,8.0,32,2.0,0.0,0
4/04/2018 3:31,4,8.5,18,2.0,0.0,0
4/04/2018 4:01,4,9.0,13,2.0,0.0,0
4/04/2018 4:31,4,9.5,7,2.0,0.0,0
4/04/2018 5:01,4,10.0,5,1.832092639,0.0,0
4/04/2018 5:31,4,10.5,3,1.448717949,0.0,0
4/04/2018 6:01,4,11.0,1,1.128205128,0.0,0
9/04/2018 17:35,4,-1.5,1,4.0,0.0,0
9/04/2018 18:05,4,-1.0,2,4.0,0.0,0
9/04/2018 18:35,4,-0.5,16,4.0,0.0,0
9/04/2018 19:05,4,0.0,14,3.790322581,0.0,0
9/04/2018 19:35,4,0.5,22,3.209677419,0.0,0
9/04/2018 20:05,4,1.0,18,3.0,0.0,0
9/04/2018 20:35,4,1.5,15,3.0,0.0,0
9/04/2018 21:05,4,2.0,40,3.0,0.0,0
9/04/2018 21:35,4,2.5,79,3.0,0.0,0
9/04/2018 22:35,4,3.5,70,3.0,0.0,0
9/04/2018 23:05,4,4.0,88,3.0,0.0,0
9/04/2018 23:35,4,4.5,91,3.0,0.0,0
10/04/2018 0:05,4,5.0,95,3.0,0.0,0
10/04/2018 0:35,4,5.5,101,2.998413538,0.0,0
10/04/2018 1:05,4,6.0,98,2.721311475,0.0,0
10/04/2018 1:35,4,6.5,85,2.229700996,0.0,0
10/04/2018 2:05,4,7.0,64,1.833333333,0.0,0
10/04/2018 2:35,4,7.5,52,1.520833333,0.0,0
10/04/2018 3:05,4,8.0,59,1.208333333,0.0,0
10/04/2018 3:35,4,8.5,25,1.026041667,0.0,0
11/04/2018 17:07,4,-2.0,16,4.0,0.0,0
11/04/2018 17:37,4,-1.5,14,4.0,0.0,0
11/04/2018 18:07,4,-1.0,7,4.0,0.0,0
11/04/2018 18:37,4,-0.5,10,4.0,0.0,0
11/04/2018 19:07,4,0.0,18,4.0,0.0,0
11/04/2018 19:37,4,0.5,32,3.996662959,0.0,0
11/04/2018 20:07,4,1.0,25,3.689655172,0.0,0
11/04/2018 20:37,4,1.5,31,3.180756396,0.0,0
11/04/2018 21:07,4,2.0,44,3.0,0.0,0
11/04/2018 21:37,4,2.5,46,3.0,0.0,0
11/04/2018 22:07,4,3.0,57,3.0,0.0,0
11/04/2018 22:37,4,3.5,91,2.991935484,0.0,0
11/04/2018 23:37,4,4.5,72,2.174731183,0.0,0
12/04/2018 0:07,4,5.0,75,2.0,0.0,0
12/04/2018 0:37,4,5.5,69,2.0,0.0,0
12/04/2018 1:07,4,6.0,54,2.0,0.0,0
12/04/2018 1:37,4,6.5,57,2.0,0.0,0
12/04/2018 2:07,4,7.0,87,2.0,0.0,0
12/04/2018 2:37,4,7.5,70,2.0,0.0,0
12/04/2018 3:07,4,8.0,31,2.0,0.0,0
12/04/2018 3:37,4,8.5,26,1.99941349,0.0,0
12/04/2018 4:07,4,9.0,12,1.709090909,0.0,0
13/04/2018 17:08,4,-2.0,28,4.0,0.0,0
13/04/2018 17:38,4,-1.5,13,3.984691088,0.0,0
13/04/2018 18:08,4,-1.0,16,3.627118644,0.0,0
13/04/2018 18:38,4,-0.5,49,3.138326955,0.0,0
13/04/2018 19:08,4,0.0,51,3.0,0.0,0
13/04/2018 19:38,4,0.5,52,3.0,0.0,0
13/04/2018 20:08,4,1.0,54,3.0,0.0,0
13/04/2018 20:38,4,1.5,28,3.0,0.0,0
13/04/2018 21:08,4,2.0,31,3.0,0.0,0
13/04/2018 21:38,4,2.5,28,3.0,0.0,0
13/04/2018 22:08,4,3.0,83,3.0,0.0,0
13/04/2018 22:38,4,3.5,92,2.991511036,0.0,0
14/04/2018 2:38,4,7.5,62,1.991511036,0.0,0
14/04/2018 3:08,4,8.0,27,1.649122807,0.0,0
14/04/2018 4:08,4,9.0,12,1.0,0.0,0
14/04/2018 4:38,4,9.5,17,1.0,0.0,0
14/04/2018 17:09,4,-2.0,25,4.0,0.0,0
14/04/2018 17:39,4,-1.5,11,4.0,0.0,0
14/04/2018 18:09,4,-1.0,24,4.0,0.0,0
14/04/2018 18:39,4,-0.5,42,3.977318548,0.0,0
14/04/2018 19:09,4,0.0,38,3.625,0.0,0
14/04/2018 19:39,4,0.5,31,3.163810484,0.0,0
14/04/2018 20:09,4,1.0,35,3.0,0.0,0
14/04/2018 20:39,4,1.5,23,3.0,0.0,0
14/04/2018 21:09,4,2.0,25,3.0,0.0,0
14/04/2018 21:39,4,2.5,26,3.0,0.0,0
14/04/2018 22:09,4,3.0,26,3.0,0.0,0
14/04/2018 22:39,4,3.5,59,3.0,0.0,0
14/04/2018 23:09,4,4.0,65,3.0,0.0,0
14/04/2018 23:39,4,4.5,74,3.0,0.0,0
15/04/2018 0:09,4,5.0,69,3.0,0.0,0
15/04/2018 0:39,4,5.5,89,3.0,0.0,0
15/04/2018 1:09,4,6.0,66,3.0,0.0,0
15/04/2018 1:39,4,6.5,71,3.0,0.0,0
15/04/2018 2:09,4,7.0,66,3.0,0.0,0
15/04/2018 2:39,4,7.5,90,2.984427141,0.0,0
15/04/2018 3:09,4,8.0,51,2.620689655,0.0,0
15/04/2018 3:39,4,8.5,82,2.128476085,0.0,0
15/04/2018 4:09,4,9.0,40,2.0,0.0,0
15/04/2018 4:39,4,9.5,12,2.0,0.0,0
15/04/2018 5:09,4,10.0,6,2.0,0.0,0
15/04/2018 17:10,4,-2.0,5,4.0,0.0,0
15/04/2018 17:40,4,-1.5,22,4.0,0.0,0
15/04/2018 18:10,4,-1.0,12,4.0,0.0,0
15/04/2018 18:40,4,-0.5,18,4.0,0.0,0
15/04/2018 19:10,4,0.0,24,4.0,0.0,0
15/04/2018 19:40,4,0.5,30,4.0,0.0,0
15/04/2018 20:10,4,1.0,26,4.0,0.0,0
15/04/2018 20:40,4,1.5,39,3.97091486,0.0,0
15/04/2018 21:40,4,2.5,23,3.122157589,0.0,0
15/04/2018 22:10,4,3.0,30,3.0,0.0,0
15/04/2018 22:40,4,3.5,22,3.0,0.0,0
15/04/2018 23:10,4,4.0,25,3.0,0.0,0
15/04/2018 23:40,4,4.5,24,3.0,0.0,0
16/04/2018 0:10,4,5.0,23,3.0,0.0,0
16/04/2018 0:40,4,5.5,41,2.970430108,0.0,0
16/04/2018 1:10,4,6.0,28,2.583333333,0.0,0
16/04/2018 1:40,4,6.5,31,2.112903226,0.0,0
16/04/2018 2:10,4,7.0,25,2.0,0.0,0
16/04/2018 2:40,4,7.5,28,1.979977753,0.0,0
16/04/2018 3:10,4,8.0,29,1.603448276,0.0,0
16/04/2018 3:40,4,8.5,17,1.11679644,0.0,0
16/04/2018 4:10,4,9.0,6,1.0,0.0,0
16/04/2018 4:40,4,9.5,7,1.0,0.0,0
16/04/2018 18:10,4,-1.0,43,4.0,0.0,0
16/04/2018 18:40,4,-0.5,46,4.0,0.0,0
16/04/2018 19:10,4,0.0,45,4.0,0.0,0
16/04/2018 19:40,4,0.5,26,4.0,0.0,0
16/04/2018 20:10,4,1.0,14,4.0,0.0,0
16/04/2018 20:40,4,1.5,26,3.975806452,0.0,0
16/04/2018 21:10,4,2.0,10,3.6,0.0,0
16/04/2018 21:40,4,2.5,12,3.124193548,0.0,0
16/04/2018 22:10,4,3.0,50,3.0,0.0,0
16/04/2018 22:40,4,3.5,80,3.0,0.0,0
16/04/2018 23:40,4,4.5,71,3.0,0.0,0
17/04/2018 0:10,4,5.0,55,3.0,0.0,0
17/04/2018 0:40,4,5.5,74,2.987903226,0.0,0
17/04/2018 1:10,4,6.0,73,2.625,0.0,0
17/04/2018 1:40,4,6.5,69,2.120967742,0.0,0
17/04/2018 2:10,4,7.0,78,2.0,0.0,0
17/04/2018 2:40,4,7.5,45,2.0,0.0,0
17/04/2018 3:10,4,8.0,39,2.0,0.0,0
17/04/2018 3:40,4,8.5,35,2.0,0.0,0
17/04/2018 4:40,4,9.5,7,2.0,0.0,0
17/04/2018 5:40,4,10.5,2,1.973908918,0.0,0
17/04/2018 6:10,4,11.0,3,1.632352941,0.0,0
17/04/2018 17:11,4,-2.0,20,4.0,0.0,0
17/04/2018 17:41,4,-1.5,22,4.0,0.0,0
17/04/2018 18:11,4,-1.0,46,4.0,0.0,0
17/04/2018 18:41,4,-0.5,88,4.0,0.0,0
17/04/2018 19:11,4,0.0,58,4.0,0.0,0
17/04/2018 19:41,4,0.5,39,3.97091486,0.0,0
17/04/2018 20:11,4,1.0,9,3.590163934,0.0,0
17/04/2018 20:41,4,1.5,46,3.122157589,0.0,0
17/04/2018 21:11,4,2.0,41,3.0,0.0,0
17/04/2018 21:41,4,2.5,41,3.0,0.0,0
17/04/2018 22:11,4,3.0,41,3.0,0.0,0
17/04/2018 22:41,4,3.5,21,3.0,0.0,0
17/04/2018 23:11,4,4.0,81,3.0,0.0,0
17/04/2018 23:41,4,4.5,67,3.0,0.0,0
18/04/2018 0:11,4,5.0,72,3.0,0.0,0
18/04/2018 0:41,4,5.5,71,2.964516129,0.0,0
18/04/2018 1:11,4,6.0,58,2.566666667,0.0,0
18/04/2018 1:41,4,6.5,72,2.102150538,0.0,0
18/04/2018 2:11,4,7.0,61,2.0,0.0,0
18/04/2018 2:41,4,7.5,70,2.0,0.0,0
18/04/2018 3:11,4,8.0,43,2.0,0.0,0
18/04/2018 3:41,4,8.5,36,2.0,0.0,0
18/04/2018 4:11,4,9.0,30,2.0,0.0,0
18/04/2018 4:41,4,9.5,13,2.0,0.0,0
18/04/2018 19:12,4,0.0,33,4.0,0.0,0
18/04/2018 21:12,4,2.0,7,3.0,0.0,0
18/04/2018 21:42,4,2.5,14,3.02908514,0.0,0
18/04/2018 22:12,4,3.0,27,3.409836066,0.0,0
18/04/2018 23:12,4,4.0,73,4.0,0.0,0
18/04/2018 23:42,4,4.5,53,3.979262673,0.0,0
19/04/2018 0:42,4,5.5,51,3.05656682,0.0,0
19/04/2018 1:42,4,6.5,46,2.091935484,0.0,0
19/04/2018 2:42,4,7.5,68,2.0,0.0,0
19/04/2018 3:12,4,8.0,39,2.0,0.0,0
19/04/2018 3:42,4,8.5,23,2.0,0.0,0
19/04/2018 8:12,4,13.0,1,2.0,0.0,0
19/04/2018 17:42,4,-1.5,13,4.0,0.0,0
19/04/2018 18:12,4,-1.0,19,4.0,0.0,0
19/04/2018 18:42,4,-0.5,33,4.0,0.0,0
19/04/2018 19:42,4,0.5,34,3.188172043,0.0,0
19/04/2018 20:12,4,1.0,17,3.0,0.0,0
19/04/2018 20:42,4,1.5,19,3.0,0.0,0
19/04/2018 21:42,4,2.5,8,3.0,0.0,0
19/04/2018 23:12,4,4.0,17,3.0,0.0,0
20/04/2018 0:42,4,5.5,29,3.0,0.0,0
20/04/2018 2:12,4,7.0,29,3.0,0.0,0
20/04/2018 4:12,4,9.0,9,3.0,0.0,0
20/04/2018 6:42,4,11.5,2,2.0,0.0,0
20/04/2018 17:13,4,-2.0,8,4.0,0.0,0
20/04/2018 17:43,4,-1.5,4,4.0,0.0,0
20/04/2018 18:13,4,-1.0,17,4.0,0.0,0
20/04/2018 18:43,4,-0.5,37,3.953405018,0.0,0
20/04/2018 19:43,4,0.5,28,3.107526882,0.0,0
20/04/2018 20:13,4,1.0,11,3.0,0.0,0
20/04/2018 23:13,4,4.0,51,3.0,0.0,0
21/04/2018 1:13,4,6.0,60,2.0,0.0,0
21/04/2018 2:43,4,7.5,64,1.951075269,0.0,0
21/04/2018 3:43,4,8.5,21,1.082258065,0.0,0
21/04/2018 4:13,4,9.0,20,1.0,0.0,0
21/04/2018 17:14,4,-2.0,19,4.0,0.0,0
21/04/2018 17:44,4,-1.5,24,4.0,0.0,0
21/04/2018 18:14,4,-1.0,27,4.0,0.0,0
21/04/2018 18:44,4,-0.5,27,3.956618465,0.0,0
21/04/2018 20:14,4,1.0,25,3.0,0.0,0
21/04/2018 20:44,4,1.5,23,3.0,0.0,0
21/04/2018 21:14,4,2.0,26,3.0,0.0,0
21/04/2018 21:44,4,2.5,38,3.0,0.0,0
21/04/2018 22:14,4,3.0,84,3.0,0.0,0
22/04/2018 0:14,4,5.0,26,2.0,0.0,0
22/04/2018 0:44,4,5.5,80,2.0,0.0,0
22/04/2018 2:44,4,7.5,42,2.0,0.0,0
22/04/2018 17:14,4,-2.0,6,4.0,0.0,0
22/04/2018 17:44,4,-1.5,12,4.0,0.0,0
22/04/2018 18:14,4,-1.0,3,4.0,0.0,0
22/04/2018 18:44,4,-0.5,34,3.987683284,0.0,0
22/04/2018 20:14,4,1.0,20,3.0,0.0,0
22/04/2018 21:14,4,2.0,32,3.0,0.0,0
22/04/2018 21:44,4,2.5,54,3.0,0.0,0
22/04/2018 22:14,4,3.0,41,3.0,0.0,0
22/04/2018 22:44,4,3.5,52,2.950246036,0.0,0
22/04/2018 23:14,4,4.0,61,2.525423729,0.0,0
23/04/2018 0:14,4,5.0,73,2.0,0.0,0
23/04/2018 17:15,4,-2.0,48,4.0,0.0,0
23/04/2018 17:45,4,-1.5,29,4.0,0.0,0
23/04/2018 18:15,4,-1.0,20,4.0,0.0,0
23/04/2018 18:45,4,-0.5,12,4.0,0.0,0
23/04/2018 19:15,4,0.0,4,4.0,0.0,0
23/04/2018 20:15,4,1.0,52,3.517241379,0.0,0
23/04/2018 20:45,4,1.5,63,3.066740823,0.0,0
23/04/2018 21:15,4,2.0,25,3.0,0.0,0
23/04/2018 21:45,4,2.5,58,3.0,0.0,0
23/04/2018 22:15,4,3.0,57,3.0,0.0,0
23/04/2018 22:45,4,3.5,53,3.0,0.0,0
23/04/2018 23:45,4,4.5,43,3.0,0.0,0
24/04/2018 0:15,4,5.0,84,3.0,0.0,0
24/04/2018 0:45,4,5.5,88,3.0,0.0,0
24/04/2018 1:15,4,6.0,76,3.0,0.0,0
24/04/2018 1:45,4,6.5,84,3.0,0.0,0
24/04/2018 2:15,4,7.0,64,3.0,0.0,0
24/04/2018 2:45,4,7.5,32,2.94259158,0.0,0
24/04/2018 3:15,4,8.0,33,2.508474576,0.0,0
24/04/2018 17:16,4,-2.0,2,4.0,0.0,0
24/04/2018 17:46,4,-1.5,26,4.0,0.0,0
24/04/2018 18:16,4,-1.0,3,4.0,0.0,0
24/04/2018 18:46,4,-0.5,3,4.0,0.0,0
24/04/2018 19:16,4,0.0,17,4.0,0.0,0
24/04/2018 19:46,4,0.5,30,4.0,0.0,0
24/04/2018 20:16,4,1.0,38,4.0,0.0,0
24/04/2018 20:46,4,1.5,38,3.935483871,0.0,0
24/04/2018 21:16,4,2.0,56,3.5,0.0,0
24/04/2018 21:46,4,2.5,63,3.048938794,0.0,0
24/04/2018 22:16,4,3.0,53,2.879275654,0.0,0
24/04/2018 22:46,4,3.5,26,2.758551308,0.0,0
25/04/2018 17:17,4,-2.0,17,4.0,0.0,0
25/04/2018 18:47,4,-0.5,16,4.0,0.0,0
25/04/2018 19:47,4,0.5,20,3.92688172,0.0,0
25/04/2018 20:17,4,1.0,28,3.483333333,0.0,0
25/04/2018 20:47,4,1.5,28,3.056451613,0.0,0
25/04/2018 21:17,4,2.0,58,3.0,0.0,0
25/04/2018 21:47,4,2.5,71,3.0,0.0,0
25/04/2018 22:17,4,3.0,60,3.0,0.0,0
25/04/2018 22:47,4,3.5,11,3.0,0.0,0
25/04/2018 23:17,4,4.0,47,3.0,0.0,0
25/04/2018 23:47,4,4.5,56,2.933259177,0.0,0
26/04/2018 0:17,4,5.0,57,2.482758621,0.0,0
26/04/2018 0:47,4,5.5,36,2.050611791,0.0,0
26/04/2018 1:17,4,6.0,38,2.0,0.0,0
26/04/2018 1:47,4,6.5,37,2.0,0.0,0
26/04/2018 2:17,4,7.0,66,2.0,0.0,0
26/04/2018 2:47,4,7.5,28,2.0,0.0,0
26/04/2018 3:17,4,8.0,22,2.0,0.0,0
26/04/2018 3:47,4,8.5,37,2.0,0.0,0
26/04/2018 17:17,4,-2.0,2,4.0,0.0,0
26/04/2018 17:47,4,-1.5,5,4.0,0.0,0
26/04/2018 18:17,4,-1.0,10,4.0,0.0,0
26/04/2018 18:47,4,-0.5,15,4.0,0.0,0
26/04/2018 19:17,4,0.0,14,4.0,0.0,0
26/04/2018 19:47,4,0.5,8,3.919090428,0.0,0
26/04/2018 20:17,4,1.0,6,3.475409836,0.0,0
26/04/2018 20:47,4,1.5,48,3.055526177,0.0,0
26/04/2018 21:47,4,2.5,80,3.0,0.0,0
26/04/2018 23:17,4,4.0,57,3.0,0.0,0
26/04/2018 23:47,4,4.5,66,2.920395421,0.0,0
27/04/2018 0:47,4,5.5,72,2.062434964,0.0,0
27/04/2018 5:47,4,10.5,3,1.0,0.0,0
27/04/2018 6:17,4,11.0,3,1.0,0.0,0
27/04/2018 17:18,4,-2.0,4,4.0,0.0,0
27/04/2018 17:48,4,-1.5,6,4.0,0.0,0
27/04/2018 18:18,4,-1.0,9,4.0,0.0,0
27/04/2018 18:48,4,-0.5,24,4.0,0.0,0
27/04/2018 19:18,4,0.0,20,4.0,0.0,0
27/04/2018 19:48,4,0.5,9,3.9243604,0.0,0
27/04/2018 20:18,4,1.0,11,3.465517241,0.0,0
27/04/2018 21:18,4,2.0,37,3.0,0.0,0
28/04/2018 7:18,4,12.0,3,2.0,0.0,0
28/04/2018 17:19,4,-2.0,4,4.0,0.0,0
28/04/2018 17:49,4,-1.5,8,4.0,0.0,0
28/04/2018 18:19,4,-1.0,17,4.0,0.0,0
28/04/2018 21:49,4,2.5,55,3.0,0.0,0
28/04/2018 22:19,4,3.0,65,3.0,0.0,0
29/04/2018 2:19,4,7.0,65,2.0,0.0,0
29/04/2018 6:19,4,11.0,3,1.0,0.0,0
29/04/2018 7:19,4,12.0,7,1.0,0.0,0
29/04/2018 7:49,4,12.5,3,1.0,0.0,0
29/04/2018 8:19,4,13.0,3,1.0,0.0,0
29/04/2018 18:19,4,-1.0,14,4.0,0.0,0
29/04/2018 18:49,4,-0.5,20,4.0,0.0,0
29/04/2018 19:19,4,0.0,28,4.0,0.0,0
29/04/2018 19:49,4,0.5,31,3.94044665,0.0,0
29/04/2018 21:19,4,2.0,33,3.0,0.0,0
29/04/2018 21:49,4,2.5,29,3.0,0.0,0
29/04/2018 22:19,4,3.0,20,3.0,0.0,0
29/04/2018 23:19,4,4.0,49,2.448275862,0.0,0
29/04/2018 23:49,4,4.5,53,2.036707453,0.0,0
30/04/2018 0:19,4,5.0,68,2.0,0.0,0
30/04/2018 0:49,4,5.5,45,2.0,0.0,0
30/04/2018 1:49,4,6.5,53,2.0,0.0,0
30/04/2018 4:49,4,9.5,7,1.0,0.0,0
30/04/2018 5:49,4,10.5,1,1.0,0.0,0
30/04/2018 6:49,4,11.5,2,1.0,0.0,0
30/04/2018 17:50,4,-1.5,7,4.0,0.0,0
30/04/2018 18:20,4,-1.0,22,4.0,0.0,0
30/04/2018 18:50,4,-0.5,34,3.965211891,0.0,0
30/04/2018 19:20,4,0.0,45,3.509803922,0.0,0
30/04/2018 19:50,4,0.5,38,3.041745731,0.0,0
30/04/2018 20:20,4,1.0,41,3.0,0.0,0
1/05/2018 0:50,5,5.5,36,2.930875576,0.0,0
1/05/2018 1:50,5,6.5,49,2.038018433,0.0,0
1/05/2018 2:50,5,7.5,26,2.0,0.0,0
1/05/2018 5:50,5,10.5,4,2.0,0.0,0
1/05/2018 6:50,5,11.5,2,2.0,0.0,0
1/05/2018 7:20,5,12.0,3,2.0,0.0,0
1/05/2018 7:50,5,12.5,4,2.0,0.0,0
1/05/2018 17:21,5,-2.0,2,4.0,0.0,0
1/05/2018 17:51,5,-1.5,13,4.0,0.0,0
1/05/2018 18:21,5,-1.0,17,4.0,0.0,0
1/05/2018 19:21,5,0.0,29,4.0,0.0,0
1/05/2018 19:51,5,0.5,10,3.877842411,0.0,0
1/05/2018 20:21,5,1.0,29,3.409836066,0.0,0
2/05/2018 6:21,5,11.0,3,3.0,0.0,0
2/05/2018 6:51,5,11.5,2,3.0,0.0,0
2/05/2018 7:21,5,12.0,2,3.0,0.0,0
2/05/2018 8:21,5,13.0,4,3.0,0.0,0
2/05/2018 17:21,5,-2.0,10,4.0,0.0,0
2/05/2018 17:51,5,-1.5,5,4.0,0.0,0
2/05/2018 21:21,5,2.0,19,3.0,0.0,0
2/05/2018 22:21,5,3.0,30,3.0,0.0,0
2/05/2018 23:21,5,4.0,32,3.0,0.0,0
3/05/2018 0:21,5,5.0,31,3.0,0.0,0
3/05/2018 0:51,5,5.5,40,3.0,0.0,0
3/05/2018 1:21,5,6.0,40,3.0,0.0,0
3/05/2018 2:51,5,7.5,24,2.042646255,0.0,0
3/05/2018 6:51,5,11.5,16,2.0,0.0,0
3/05/2018 17:52,5,-1.5,6,4.0,0.0,0
3/05/2018 22:22,5,3.0,69,3.0,0.0,0
3/05/2018 22:52,5,3.5,21,3.0,0.0,0
4/05/2018 0:52,5,5.5,22,3.0,0.0,0
4/05/2018 1:22,5,6.0,11,3.0,0.0,0
4/05/2018 3:22,5,8.0,25,2.0,0.0,0
4/05/2018 6:22,5,11.0,3,2.0,0.0,0
4/05/2018 6:52,5,11.5,2,2.0,0.0,0
4/05/2018 17:53,5,-1.5,14,4.0,0.0,0
4/05/2018 18:53,5,-0.5,19,3.856399584,0.0,0
5/05/2018 1:23,5,6.0,24,3.0,0.0,0
5/05/2018 3:53,5,8.5,10,2.0,0.0,0
5/05/2018 4:53,5,9.5,8,2.0,0.0,0
5/05/2018 5:23,5,10.0,1,2.0,0.0,0
5/05/2018 6:23,5,11.0,3,2.0,0.0,0
5/05/2018 6:53,5,11.5,5,2.0,0.0,0
5/05/2018 7:23,5,12.0,5,2.0,0.0,0
5/05/2018 7:53,5,12.5,1,2.0,0.0,0
5/05/2018 17:24,5,-2.0,10,4.0,0.0,0
5/05/2018 17:54,5,-1.5,8,4.0,0.0,0
5/05/2018 18:24,5,-1.0,28,4.0,0.0,0
5/05/2018 18:54,5,-0.5,26,3.838709677,0.0,0
5/05/2018 19:54,5,0.5,16,3.011290323,0.0,0
5/05/2018 20:24,5,1.0,18,3.0,0.0,0
5/05/2018 20:54,5,1.5,18,3.0,0.0,0
5/05/2018 21:24,5,2.0,17,3.0,0.0,0
5/05/2018 23:54,5,4.5,35,3.0,0.0,0
6/05/2018 0:24,5,5.0,49,3.0,0.0,0
6/05/2018 0:54,5,5.5,45,3.0,0.0,0
6/05/2018 1:24,5,6.0,42,3.0,0.0,0
6/05/2018 2:24,5,7.0,16,3.0,0.0,0
6/05/2018 5:54,5,10.5,3,2.0,0.0,0
6/05/2018 6:54,5,11.5,7,2.0,0.0,0
6/05/2018 17:24,5,-2.0,10,4.0,0.0,0
6/05/2018 17:54,5,-1.5,6,4.0,0.0,0
6/05/2018 18:24,5,-1.0,3,4.0,0.0,0
6/05/2018 18:54,5,-0.5,15,4.0,0.0,0
6/05/2018 19:24,5,0.0,5,4.0,0.0,0
6/05/2018 19:54,5,0.5,27,4.0,0.0,0
6/05/2018 20:24,5,1.0,17,4.0,0.0,0
6/05/2018 20:54,5,1.5,31,3.860887097,0.0,0
6/05/2018 21:24,5,2.0,8,3.40625,0.0,0
6/05/2018 21:54,5,2.5,17,3.033266129,0.0,0
6/05/2018 22:24,5,3.0,15,3.0,0.0,0
6/05/2018 22:54,5,3.5,10,3.0,0.0,0
7/05/2018 1:24,5,6.0,24,3.0,0.0,0
7/05/2018 1:54,5,6.5,28,3.0,0.0,0
7/05/2018 4:54,5,9.5,6,2.012316716,0.0,0
7/05/2018 5:54,5,10.5,5,2.0,0.0,0
7/05/2018 6:24,5,11.0,8,2.0,0.0,0
7/05/2018 6:54,5,11.5,5,2.0,0.0,0
7/05/2018 7:24,5,12.0,3,2.0,0.0,0
7/05/2018 7:54,5,12.5,1,2.0,0.0,0
7/05/2018 17:25,5,-2.0,14,4.0,0.0,0
7/05/2018 17:55,5,-1.5,20,4.0,0.0,0
7/05/2018 19:25,5,0.0,32,3.350877193,0.0,0
7/05/2018 19:55,5,0.5,46,3.008488964,0.0,0
7/05/2018 20:25,5,1.0,17,3.0,0.0,0
7/05/2018 21:25,5,2.0,28,3.0,0.0,0
7/05/2018 22:25,5,3.0,19,3.0,0.0,0
7/05/2018 22:55,5,3.5,35,3.0,0.0,0
7/05/2018 23:55,5,4.5,18,2.835975943,0.0,0
8/05/2018 1:25,5,6.0,46,2.0,0.0,0
8/05/2018 1:55,5,6.5,48,2.0,0.0,0
8/05/2018 4:25,5,9.0,18,1.615384615,0.0,0
8/05/2018 5:55,5,10.5,2,1.0,0.0,0
9/05/2018 17:26,5,-2.0,8,4.0,0.0,0
9/05/2018 17:56,5,-1.5,22,4.0,0.0,0
9/05/2018 18:26,5,-1.0,44,4.0,0.0,0
9/05/2018 18:56,5,-0.5,45,3.811290323,0.0,0
9/05/2018 19:26,5,0.0,31,3.316666667,0.0,0
9/05/2018 19:56,5,0.5,12,3.005376344,0.0,0
9/05/2018 20:26,5,1.0,35,3.0,0.0,0
9/05/2018 20:56,5,1.5,49,3.0,0.0,0
9/05/2018 21:26,5,2.0,64,3.0,0.0,0
9/05/2018 21:56,5,2.5,31,3.0,0.0,0
9/05/2018 22:26,5,3.0,13,3.0,0.0,0
9/05/2018 22:56,5,3.5,14,3.0,0.0,0
9/05/2018 23:26,5,4.0,42,3.0,0.0,0
9/05/2018 23:56,5,4.5,18,3.0,0.0,0
10/05/2018 0:26,5,5.0,37,3.0,0.0,0
10/05/2018 1:56,5,6.5,33,3.0,0.0,0
10/05/2018 3:56,5,8.5,24,2.823084677,0.0,0
10/05/2018 6:26,5,11.0,9,2.0,0.0,0
10/05/2018 6:56,5,11.5,7,2.0,0.0,0
10/05/2018 7:26,5,12.0,3,2.0,0.0,0
10/05/2018 7:56,5,12.5,1,2.0,0.0,0
10/05/2018 8:26,5,13.0,3,2.0,0.0,0
10/05/2018 17:27,5,-2.0,5,4.0,0.0,0
10/05/2018 17:57,5,-1.5,11,4.0,0.0,0
10/05/2018 18:27,5,-1.0,6,4.0,0.0,0
10/05/2018 18:57,5,-0.5,6,3.828133263,0.0,0
10/05/2018 19:27,5,0.0,1,3.344262295,0.0,0
10/05/2018 21:27,5,2.0,24,3.0,0.0,0
10/05/2018 22:27,5,3.0,34,3.0,0.0,0
10/05/2018 22:57,5,3.5,21,3.0,0.0,0
11/05/2018 0:27,5,5.0,17,3.0,0.0,0
11/05/2018 0:57,5,5.5,28,3.0,0.0,0
11/05/2018 2:57,5,7.5,23,2.003337041,0.0,0
11/05/2018 3:27,5,8.0,11,2.0,0.0,0
11/05/2018 6:27,5,11.0,3,2.0,0.0,0
11/05/2018 6:57,5,11.5,3,2.0,0.0,0
11/05/2018 7:27,5,12.0,5,2.0,0.0,0
11/05/2018 7:57,5,12.5,11,2.0,0.0,0
13/05/2018 20:29,5,1.0,1,4.0,0.0,0
13/05/2018 20:59,5,1.5,10,3.885116016,0.0,0
13/05/2018 21:29,5,2.0,8,3.622807018,0.0,0
13/05/2018 22:59,5,3.5,30,3.0,0.0,0
14/05/2018 1:59,5,6.5,32,3.0,0.0,0
14/05/2018 2:29,5,7.0,34,3.0,0.0,0
14/05/2018 2:59,5,7.5,23,3.0,0.0,0
14/05/2018 5:59,5,10.5,10,3.0,0.0,0
14/05/2018 6:29,5,11.0,7,3.0,0.0,0
14/05/2018 7:59,5,12.5,1,3.0,0.0,0
16/05/2018 17:31,5,-2.0,1,4.0,0.0,0
16/05/2018 18:01,5,-1.5,1,4.0,0.0,0
16/05/2018 19:01,5,-0.5,11,3.737704918,0.0,0
16/05/2018 20:31,5,1.0,33,3.0,0.0,0
16/05/2018 23:01,5,3.5,37,2.737704918,0.0,0
16/05/2018 23:31,5,4.0,40,2.245901639,0.0,0
17/05/2018 0:01,5,4.5,31,2.0,0.0,0
17/05/2018 0:31,5,5.0,22,2.0,0.0,0
17/05/2018 1:01,5,5.5,21,2.0,0.0,0
17/05/2018 2:01,5,6.5,28,2.0,0.0,0
17/05/2018 5:31,5,10.0,15,1.0,0.0,0
17/05/2018 17:32,5,-2.0,10,4.0,0.0,0
17/05/2018 18:02,5,-1.5,6,4.0,0.0,0
17/05/2018 18:32,5,-1.0,11,3.998413538,0.0,0
17/05/2018 19:32,5,0.0,15,3.230037017,0.0,0
17/05/2018 20:02,5,0.5,25,3.0,0.0,0
17/05/2018 21:02,5,1.5,34,3.0,0.0,0
17/05/2018 21:32,5,2.0,40,3.0,0.0,0
17/05/2018 22:02,5,2.5,50,2.758064516,0.0,0
17/05/2018 23:02,5,3.5,40,2.0,0.0,0
18/05/2018 0:02,5,4.5,45,2.0,0.0,0
18/05/2018 0:32,5,5.0,22,2.0,0.0,0
18/05/2018 1:02,5,5.5,37,2.0,0.0,0
18/05/2018 2:02,5,6.5,52,1.746031746,0.0,0
18/05/2018 2:32,5,7.0,30,1.26984127,0.0,0
18/05/2018 4:02,5,8.5,29,1.0,0.0,0
18/05/2018 5:32,5,10.0,4,0.347826087,0.0,0
18/05/2018 18:33,5,-1.0,1,3.996827076,0.0,0
18/05/2018 19:03,5,-0.5,40,3.704918033,0.0,0
18/05/2018 19:33,5,0.0,24,3.214701216,0.0,0
18/05/2018 20:03,5,0.5,2,3.0,0.0,0
18/05/2018 21:03,5,1.5,17,3.0,0.0,0
18/05/2018 22:33,5,3.0,35,3.0,0.0,0
18/05/2018 23:03,5,3.5,15,3.0,0.0,0
18/05/2018 23:33,5,4.0,57,3.0,0.0,0
19/05/2018 0:03,5,4.5,43,2.749423963,0.0,0
19/05/2018 1:03,5,5.5,42,2.0,0.0,0
19/05/2018 1:33,5,6.0,33,2.0,0.0,0
19/05/2018 2:03,5,6.5,39,2.0,0.0,0
19/05/2018 2:33,5,7.0,35,2.0,0.0,0
19/05/2018 4:03,5,8.5,21,1.724137931,0.0,0
19/05/2018 4:33,5,9.0,16,1.210233593,0.0,0
19/05/2018 5:33,5,10.0,7,1.0,0.0,0
19/05/2018 6:03,5,10.5,2,1.0,0.0,0
19/05/2018 17:33,5,-2.0,3,4.0,0.0,0
19/05/2018 18:03,5,-1.5,2,4.0,0.0,0
19/05/2018 18:33,5,-1.0,6,4.0,0.0,0
19/05/2018 19:03,5,-0.5,6,4.0,0.0,0
19/05/2018 20:03,5,0.5,28,3.7,0.0,0
19/05/2018 20:33,5,1.0,39,3.203225806,0.0,0
19/05/2018 21:33,5,2.0,32,3.0,0.0,0
19/05/2018 22:33,5,3.0,31,3.0,0.0,0
19/05/2018 23:03,5,3.5,37,3.0,0.0,0
19/05/2018 23:33,5,4.0,26,3.0,0.0,0
20/05/2018 0:03,5,4.5,49,2.754098361,0.0,0
20/05/2018 1:33,5,6.0,30,2.0,0.0,0
20/05/2018 2:03,5,6.5,26,2.0,0.0,0
20/05/2018 3:03,5,7.5,27,2.0,0.0,0
20/05/2018 4:33,5,9.0,9,2.0,0.0,0
20/05/2018 5:03,5,9.5,7,2.0,0.0,0
20/05/2018 5:33,5,10.0,13,1.99755002,0.0,0
20/05/2018 6:03,5,10.5,6,1.772151899,0.0,0
20/05/2018 7:03,5,11.5,1,1.055532871,0.0,0
20/05/2018 17:34,5,-2.0,2,4.0,0.0,0
20/05/2018 18:04,5,-1.5,18,4.0,0.0,0
20/05/2018 18:34,5,-1.0,1,3.838709677,0.0,0
20/05/2018 19:04,5,-0.5,6,3.0,0.0,0
20/05/2018 19:34,5,0.0,13,3.0,0.0,0
20/05/2018 20:04,5,0.5,9,3.0,0.0,0
20/05/2018 20:34,5,1.0,22,3.0,0.0,0
20/05/2018 21:04,5,1.5,27,3.0,0.0,0
20/05/2018 22:34,5,3.0,21,2.996878252,0.0,0
20/05/2018 23:04,5,3.5,38,2.709677419,0.0,0
20/05/2018 23:34,5,4.0,29,2.226326743,0.0,0
21/05/2018 0:04,5,4.5,28,2.0,0.0,0
21/05/2018 1:04,5,5.5,53,2.0,0.0,0
21/05/2018 1:34,5,6.0,32,2.0,0.0,0
21/05/2018 2:04,5,6.5,34,2.0,0.0,0
21/05/2018 3:04,5,7.5,37,1.745762712,0.0,0
21/05/2018 3:34,5,8.0,27,1.237834882,0.0,0
21/05/2018 4:04,5,8.5,21,1.0,0.0,0
21/05/2018 4:34,5,9.0,9,1.0,0.0,0
21/05/2018 5:04,5,9.5,13,1.0,0.0,0
21/05/2018 5:34,5,10.0,13,1.0,0.0,0
21/05/2018 6:04,5,10.5,8,1.0,0.0,0
21/05/2018 6:34,5,11.0,6,1.0,0.0,0
21/05/2018 7:04,5,11.5,1,1.0,0.0,0
21/05/2018 7:34,5,12.0,1,1.0,0.0,0
21/05/2018 17:35,5,-2.0,1,4.0,0.0,0
21/05/2018 18:05,5,-1.5,1,4.0,0.0,0
21/05/2018 18:35,5,-1.0,5,3.999423963,0.0,0
21/05/2018 19:05,5,-0.5,3,3.714285714,0.0,0
21/05/2018 19:35,5,0.0,18,3.187211982,0.0,0
21/05/2018 20:05,5,0.5,4,3.0,0.0,0
21/05/2018 21:05,5,1.5,20,2.701754386,0.0,0
21/05/2018 22:05,5,2.5,37,2.0,0.0,0
21/05/2018 22:35,5,3.0,11,2.0,0.0,0
21/05/2018 23:35,5,4.0,42,2.0,0.0,0
22/05/2018 0:35,5,5.0,46,2.0,0.0,0
22/05/2018 1:05,5,5.5,31,2.0,0.0,0
22/05/2018 2:35,5,7.0,24,1.196670135,0.0,0
22/05/2018 3:05,5,7.5,41,1.0,0.0,0
22/05/2018 3:35,5,8.0,28,1.0,0.0,0
22/05/2018 4:05,5,8.5,22,1.0,0.0,0
22/05/2018 4:35,5,9.0,11,1.0,0.0,0
22/05/2018 5:05,5,9.5,9,1.0,0.0,0
22/05/2018 5:35,5,10.0,7,1.0,0.0,0
22/05/2018 17:35,5,-2.0,13,4.0,0.0,0
22/05/2018 18:05,5,-1.5,9,4.0,0.0,0
22/05/2018 18:35,5,-1.0,2,3.992319508,0.0,0
22/05/2018 19:35,5,0.0,1,3.207885305,0.0,0
22/05/2018 20:05,5,0.5,4,3.0,0.0,0
22/05/2018 20:35,5,1.0,13,3.0,0.0,0
22/05/2018 21:05,5,1.5,38,3.0,0.0,0
22/05/2018 21:35,5,2.0,14,3.0,0.0,0
22/05/2018 22:05,5,2.5,34,3.0,0.0,0
22/05/2018 22:35,5,3.0,25,3.0,0.0,0
22/05/2018 23:05,5,3.5,43,3.0,0.0,0
22/05/2018 23:35,5,4.0,33,3.0,0.0,0
23/05/2018 0:05,5,4.5,23,3.0,0.0,0
23/05/2018 0:35,5,5.0,29,3.0,0.0,0
23/05/2018 1:05,5,5.5,43,3.0,0.0,0
23/05/2018 1:35,5,6.0,48,3.0,0.0,0
23/05/2018 2:05,5,6.5,12,3.0,0.0,0
23/05/2018 2:35,5,7.0,33,3.0,0.0,0
23/05/2018 3:05,5,7.5,48,3.0,0.0,0
23/05/2018 3:35,5,8.0,33,3.0,0.0,0
23/05/2018 4:05,5,8.5,23,3.0,0.0,0
23/05/2018 4:35,5,9.0,4,3.0,0.0,0
23/05/2018 5:05,5,9.5,6,3.0,0.0,0
23/05/2018 5:35,5,10.0,4,3.0,0.0,0
23/05/2018 6:05,5,10.5,7,3.0,0.0,0
23/05/2018 6:35,5,11.0,2,3.0,0.0,0
31/05/2018 17:41,5,-2.0,6,4.0,0.0,0
31/05/2018 18:41,5,-1.0,5,3.964516129,0.0,0
31/05/2018 19:11,5,-0.5,12,3.566666667,0.0,0
31/05/2018 19:41,5,0.0,28,3.102150538,0.0,0
31/05/2018 20:11,5,0.5,36,3.0,0.0,0
31/05/2018 20:41,5,1.0,15,3.0,0.0,0
31/05/2018 21:11,5,1.5,39,3.0,0.0,0
31/05/2018 21:41,5,2.0,37,3.0,0.0,0
31/05/2018 22:11,5,2.5,41,3.0,0.0,0
31/05/2018 22:41,5,3.0,27,3.0,0.0,0
31/05/2018 23:41,5,4.0,52,2.969928923,0.0,0
1/06/2018 0:11,6,4.5,54,2.576271186,0.0,0
1/06/2018 0:41,6,5.0,59,2.103881903,0.0,0
1/06/2018 1:11,6,5.5,79,2.0,0.0,0
1/06/2018 1:41,6,6.0,71,1.96566077,0.0,0
1/06/2018 2:11,6,6.5,68,1.580645161,0.0,0
1/06/2018 2:41,6,7.0,56,1.120187305,0.0,0
1/06/2018 3:11,6,7.5,59,1.0,0.0,0
1/06/2018 3:41,6,8.0,20,1.0,0.0,0
1/06/2018 4:11,6,8.5,7,1.0,0.0,0
1/06/2018 4:41,6,9.0,6,1.0,0.0,0
1/06/2018 5:11,6,9.5,7,1.0,0.0,0
1/06/2018 5:41,6,10.0,2,1.0,0.0,0
